"Reservoir","Site","Date","ThermistorTemp_C_1","ThermistorTemp_C_2","ThermistorTemp_C_3","ThermistorTemp_C_4","ThermistorTemp_C_5","ThermistorTemp_C_6","ThermistorTemp_C_7","ThermistorTemp_C_8","ThermistorTemp_C_9","ThermistorTemp_C_10","ThermistorTemp_C_11","ThermistorTemp_C_12","ThermistorTemp_C_13","RDO_mgL_6","RDO_mgL_13","EXODO_mgL_1.5","EXOChla_RFU_1.5","EXOChla_ugL_1.5"
"BVR",50,2022-01-01,NA,NA,NA,8.45781872222222,7.74520572222222,7.38601359027778,6.9832631875,6.781200125,6.60372835416667,6.54298989583333,6.48172222222222,6.46889981944444,6.42157615972222,12.69978125,11.0784317361111,NA,NA,NA
"BVR",50,2022-01-02,NA,NA,NA,9.17056722916667,9.09568295833333,8.91494511805556,8.61687652777778,7.57102965972222,7.13563624305556,6.95423928472222,6.76291698611111,6.63844617361111,6.53587828472222,12.5589471527778,11.0254345138889,NA,NA,NA
"BVR",50,2022-01-03,NA,NA,NA,8.19985834722222,8.23001053472222,8.2096225,8.11122027777778,7.89070250694444,7.42884622222222,7.342513625,7.11655783333333,7.05966735416667,6.97551677777778,12.250196875,11.3722138194444,NA,NA,NA
"BVR",50,2022-01-04,NA,NA,NA,6.71619580555556,6.6596941875,6.65071909027778,6.62276985416667,6.62415176388889,6.54932713194444,6.52353901388889,6.46401695833333,6.43901288194444,6.37165975694444,11.9347175694444,11.812279375,NA,NA,NA
"BVR",50,2022-01-05,NA,NA,NA,6.16854176388889,6.17280702083333,6.17613069444444,6.16200125,6.17483091666667,6.12384849305556,6.1380854375,6.10299634027778,6.09284479166667,6.02574936805556,11.9776384722222,11.808905625,NA,NA,NA
"BVR",50,2022-01-06,NA,NA,NA,5.98894092361111,5.979766375,5.97169635416667,5.95612608333333,5.95463519444444,5.90562577083333,5.92760121527778,5.91442416666667,5.92728714583333,5.8886748125,12.2333884027778,12.1394257638889,NA,NA,NA
"BVR",50,2022-01-07,NA,NA,NA,5.29601474305556,5.31768076388889,5.30447064583333,5.320903875,5.33060916666667,5.28720045833333,5.31203266666667,5.29935027777778,5.31175801388889,5.27395984722222,12.3385627777778,12.3485703472222,NA,NA,NA
"BVR",50,2022-01-08,NA,NA,NA,4.52222686805556,4.50783665277778,4.53198002777778,4.48685663194444,4.49867202777778,4.44906650694444,4.47072152083333,4.452102375,4.45464214583333,4.40640189583333,12.4417171527778,12.4340133333333,NA,NA,NA
"BVR",50,2022-01-09,NA,NA,NA,4.30124552083333,4.31673186111111,4.33959004166667,4.30546586111111,4.32331827083333,4.27876465277778,4.303883375,4.28618974305556,4.29674755555556,4.25698891666667,12.4515638194444,12.4121181944444,NA,NA,NA
"BVR",50,2022-01-10,NA,NA,NA,3.96946711111111,3.98754917361111,3.96729145833333,3.99181911805556,4.00730273611111,3.96847275,3.99725442361111,3.98931560416667,4.00893140277778,3.97328604166667,12.7845372222222,12.7828105555556,NA,NA,NA
"BVR",50,2022-01-11,NA,NA,NA,3.21918736111111,3.29854766666667,3.32443907638889,3.32192348611111,3.33945481944444,3.30290047222222,3.33825972916667,3.33518259722222,3.36422299305556,3.34210939583333,13.0029847916667,12.9760515277778,NA,NA,NA
"BVR",50,2022-01-12,NA,NA,NA,2.97089802083333,3.32631170833333,3.43388890972222,3.43510175,3.47712636111111,3.45491446527778,3.49986835416667,3.51197280555556,3.54260588888889,3.53212348611111,13.0890551388889,12.8410609722222,NA,NA,NA
"BVR",50,2022-01-13,NA,NA,NA,3.20732044444444,3.21870377083333,3.23714376388889,3.23283336805556,3.25290334722222,3.21720624305556,3.25055136111111,3.24449809722222,3.27458270138889,3.26580511805556,13.1663334027778,13.1455636805556,NA,NA,NA
"BVR",50,2022-01-14,NA,NA,NA,3.18214350694444,3.18877346527778,3.1676700625,3.19145705555556,3.20732195833333,3.17045419444444,3.20287063194444,3.19561932638889,3.2166355625,3.18664861805556,13.238334375,13.2204500694444,NA,NA,NA
"BVR",50,2022-01-15,NA,NA,NA,3.05231030555556,3.11275707638889,3.12932626388889,3.13727777083333,3.15895539583333,3.12732650694444,3.16672106944444,3.17086535416667,3.20598741666667,3.18911209722222,13.2142034722222,13.1154181944444,NA,NA,NA
"BVR",50,2022-01-16,NA,NA,NA,2.68167324305556,2.97525063888889,3.05400275,3.09056147222222,3.12544222916667,3.10179659027778,3.1488950625,3.16411201388889,3.2163059375,3.22694795138889,13.1725585416667,12.8777163194444,NA,NA,NA
"BVR",50,2022-01-17,NA,NA,NA,2.05037748611111,2.18069985416667,2.19469153472222,2.23465215277778,2.26740938888889,2.24175938194444,2.28994389583333,2.31267817361111,2.3706849375,2.38539249305556,13.2563255555556,13.1157905555556,NA,NA,NA
"BVR",50,2022-01-18,NA,NA,NA,1.74801195833333,1.89618896527778,1.92516284027778,1.99457191666667,2.07301525,2.13827515972222,2.29394726388889,2.46252460416667,2.59778574305556,2.61751534027778,13.3818768055556,12.7377628472222,NA,NA,NA
"BVR",50,2022-01-19,NA,NA,NA,1.42327529305556,2.346342,2.60839861805556,2.62409271527778,2.70059624305556,2.72423290972222,2.88264036805556,3.01877209027778,3.14619252083333,3.19061951388889,13.2126836111111,11.7257252777778,NA,NA,NA
"BVR",50,2022-01-20,NA,NA,NA,2.1346935625,2.39961404861111,2.42612134722222,2.4478326875,2.482812,2.48962353472222,2.58579033333333,2.63668183333333,2.70078247222222,2.70689152083333,13.3950977083333,12.5295259722222,NA,NA,NA
"BVR",50,2022-01-21,NA,NA,NA,2.00318651388889,2.12012015277778,2.21324772916667,2.26558722916667,2.35562618055556,2.40943144444444,2.54938777777778,2.76347363888889,2.93111435416667,2.99755640277778,13.3970565277778,11.8127675694444,NA,NA,NA
"BVR",50,2022-01-22,NA,NA,NA,1.75653036736111,1.98039779166667,2.36160554166667,2.4944315,2.62503444444444,2.70120109722222,2.84657810416667,3.00420034722222,3.18847207638889,3.28742258333333,13.2897830555556,10.9056766666667,NA,NA,NA
"BVR",50,2022-01-23,NA,NA,NA,2.50518453472222,2.55808994444444,2.63637457638889,2.66401434027778,2.72264943055556,2.74133632638889,2.84496790277778,2.92781504166667,3.08522347222222,3.22013106944444,13.2434164583333,10.9965138888889,NA,NA,NA
"BVR",50,2022-01-24,NA,NA,NA,2.66766861111111,2.68735566666667,2.722604875,2.72671569444444,2.78815649305556,2.77478001388889,2.83549386805556,2.91149370138889,3.00988507638889,3.06071866666667,13.0871894444444,12.4472927083333,NA,NA,NA
"BVR",50,2022-01-25,NA,NA,NA,2.81190804166667,2.85266891666667,2.87471772222222,2.89787520138889,2.92805538888889,2.89943775,2.94780918055556,3.01005673611111,3.12514534027778,3.18585201388889,13.2238786111111,12.5769090972222,NA,NA,NA
"BVR",50,2022-01-26,NA,NA,NA,2.58221832638889,2.60945738888889,2.63911814583333,2.6826499375,2.71549279166667,2.6980429375,2.75182102777778,2.767401125,2.8124658125,2.80315032638889,13.3973277083333,13.2750990277778,13.3170588235294,3.62470588235294,14.5992156862745
"BVR",50,2022-01-27,NA,NA,NA,2.79997016666667,3.14454796527778,3.26510363194444,3.27113886805556,3.33472375694444,3.3140069375,3.37294507638889,3.403665875,3.46438825,3.45714734027778,13.3666050694444,12.6435093055556,13.2883216783217,3.25363636363636,13.1016783426573
"BVR",50,2022-01-28,NA,NA,NA,2.62958981118881,3.18210033566434,3.33550707692308,3.36764908391608,3.42864671328671,3.3987241048951,3.45401214685315,3.48723383216783,3.54586814685315,3.59130113986014,13.5306608391608,11.8295815384615,13.4975,3.45763888888889,13.921111125
"BVR",50,2022-01-29,NA,NA,NA,2.7833989375,2.87183247916667,2.87529452777778,2.90514983333333,2.92928476388889,2.89979017361111,2.93861152777778,2.94201610416667,2.9846504375,3.01037511111111,13.613114375,13.2160965972222,13.4636805555556,3.21979166666667,12.9648611111111
"BVR",50,2022-01-30,NA,NA,NA,2.50129590277778,2.88489358333333,3.05639663888889,3.16762305555556,3.27747992361111,3.30177194444444,3.39466113888889,3.43497402083333,3.51817273611111,3.51615367361111,13.6533504166667,13.15055,13.5752083333333,3.64604166666667,14.6859722291667
"BVR",50,2022-01-31,NA,NA,NA,2.88686390277778,3.33137417361111,3.46776275694444,3.47683220833333,3.51238883333333,3.48579017361111,3.58862174305556,3.63582753472222,3.72442097222222,3.7263119375,13.6657907638889,12.1192272916667,13.7475,2.89271428571429,11.6439285642857
"BVR",50,2022-02-01,NA,NA,NA,3.14591743055556,3.47985517361111,3.53841473611111,3.51662738194444,3.55604442361111,3.55515134027778,3.6882361875,3.76318184722222,3.85607927083333,3.88106976388889,13.7770177083333,10.6084401319444,13.8120979020979,2.5927972027972,10.4321678111888
"BVR",50,2022-02-02,NA,NA,NA,3.42724646527778,3.6681990625,3.70490936805556,3.66823040972222,3.70093184722222,3.72259876388889,3.80130868055556,3.84922084722222,3.91465968055556,3.98137130555556,13.8719240972222,8.29230741666667,13.8830555555556,2.60798611111111,10.4940277708333
"BVR",50,2022-02-03,NA,NA,NA,2.80924663194444,3.76319475,3.7931308125,3.77484166666667,3.82479577777778,3.81303609027778,3.84186591666667,3.89539466666667,4.00663030555556,4.05727463194444,13.89251625,7.09340099305556,13.88375,3.16791666666667,12.7544444513889
"BVR",50,2022-02-04,NA,NA,NA,3.45242245138889,3.75735636805556,3.78054083333333,3.78720575694444,3.82772272222222,3.81756352777778,3.85112049305556,3.88592479861111,3.94120019444444,3.94492502777778,13.7539238194444,9.89943229166667,13.6747916666667,3.51013888888889,14.1376388819444
"BVR",50,2022-02-05,NA,NA,NA,3.36084279166667,3.39859277777778,3.40969209027778,3.43734314583333,3.45892706944444,3.42220008333333,3.456102125,3.45162239583333,3.47488181944444,3.44561361111111,13.4119797222222,13.3187973611111,13.2884722222222,3.19868055555556,12.8809027847222
"BVR",50,2022-02-06,NA,NA,NA,3.54706120833333,3.63437688194444,3.7024709375,3.7167745625,3.75104775,3.71879785416667,3.76289955555556,3.77610261111111,3.83616908333333,3.84288655555556,13.2970616666667,12.0046457638889,13.2660416666667,2.93277777777778,11.8050694305556
"BVR",50,2022-02-07,NA,NA,NA,2.86798323611111,3.25573554166667,3.42239990972222,3.50492132638889,3.61009488194444,3.62069781944444,3.68960520138889,3.72457752777778,3.79818782638889,3.84784779861111,13.4309442361111,12.1201,13.4372222222222,3.31270833333333,13.3397222083333
"BVR",50,2022-02-08,NA,NA,NA,3.35720266666667,3.38146352777778,3.40967257638889,3.43757520833333,3.47846723611111,3.45734502777778,3.50005945833333,3.50315874305556,3.53808609722222,3.52788158333333,13.4814788194444,13.3152715972222,13.4025,2.95416666666667,11.8944444444444
"BVR",50,2022-02-09,NA,NA,NA,3.57025289583333,3.52589434722222,3.5526440625,3.56349939583333,3.59581077777778,3.56852207638889,3.60773316666667,3.60863340277778,3.64742188888889,3.629896125,13.4262390972222,13.387608125,13.368125,3.10194444444444,12.4894444305556
"BVR",50,2022-02-10,NA,NA,NA,3.89410328472222,3.88467827083333,3.88937224305556,3.90491354861111,3.92154704861111,3.88813415972222,3.92579788194444,3.92205021527778,3.95029789583333,3.9270684375,13.46488375,13.3642010416667,13.3770833333333,2.86361111111111,11.5254860972222
"BVR",50,2022-02-11,NA,NA,NA,4.51973026388889,4.3152963125,4.22422657638889,4.14620564583333,4.11953393055556,4.04145976388889,4.05288818055556,4.03441211111111,4.05333618055556,4.02326345138889,13.3764676388889,12.9498203472222,13.3739583333333,2.889375,11.6314583472222
"BVR",50,2022-02-12,NA,NA,NA,4.31410148611111,4.30428672222222,4.29289092361111,4.29159927083333,4.30446322222222,4.26323398611111,4.29178424305556,4.28360384027778,4.30759145138889,4.28252910416667,13.2965782638889,12.7805577777778,13.2609722222222,3.12888888888889,12.5962500138889
"BVR",50,2022-02-13,NA,NA,NA,4.28257343055556,4.2967405625,4.27892952083333,4.29603654166667,4.30608611805556,4.265345625,4.29704571527778,4.28577965972222,4.30518527777778,4.27267086805556,13.3440815277778,13.3079777777778,13.2340972222222,3.09548611111111,12.4626388888889
"BVR",50,2022-02-14,NA,NA,NA,3.83260870833333,3.85647066666667,3.85291577083333,3.86969413194444,3.88593517361111,3.84730354861111,3.87906044444444,3.86641625,3.88456528472222,3.85036503472222,13.30218375,13.2963053472222,13.1986713286713,2.90615384615385,11.6978321678322
"BVR",50,2022-02-15,NA,NA,NA,3.44923311805556,3.542615,3.60921453472222,3.62571498611111,3.66629065972222,3.64800045138889,3.7022206875,3.71528178472222,3.75580377777778,3.7371270625,13.1650725,13.0360815972222,13.2354861111111,2.87486111111111,11.5734722152778
"BVR",50,2022-02-16,NA,NA,NA,3.81399019444444,3.82737681944444,3.85242799305556,3.83357272916667,3.8572611875,3.81694194444444,3.853719625,3.85654891666667,3.88409904166667,3.85987336805556,12.9858909722222,12.6948975694444,13.188041958042,2.9779020979021,11.9867132937063
"BVR",50,2022-02-17,NA,NA,NA,4.11813986111111,4.07250757638889,4.06666240972222,4.04179439583333,4.04889548611111,3.99233433333333,4.008806625,3.98746254861111,3.99295249305556,3.97178732638889,13.0413072222222,12.6625217361111,13.1447916666667,3.781875,15.2347916666667
"BVR",50,2022-02-18,NA,NA,NA,4.75697025,4.76221056944444,4.74109134027778,4.75344838888889,4.74956446527778,4.69890250694444,4.71787979166667,4.69754424305556,4.70190867361111,4.65743613194444,13.2008211111111,13.1328275694444,13.0575352112676,3.03323943661972,12.2110563239437
"BVR",50,2022-02-19,NA,NA,NA,4.62133146527778,4.61568682638889,4.592186375,4.61306815972222,4.62320836111111,4.5836134375,4.61246629166667,4.60381526388889,4.62024284027778,4.583921,13.2137104861111,13.1973865277778,13.0516428571429,2.84392857142857,11.4478571428571
"BVR",50,2022-02-20,NA,NA,NA,4.60079992361111,4.48072302083333,4.4646398125,4.4163830625,4.40701097916667,4.34659316666667,4.36543776388889,4.34093872222222,4.33901270833333,4.28556627777778,13.1091239583333,13.0034219444444,13.0340972222222,3.13055555555556,12.6043055694444
"BVR",50,2022-02-21,NA,NA,NA,4.71882772916667,4.430838875,4.3935855625,4.33333197222222,4.32314207638889,4.26940997222222,4.29104225694444,4.27589414583333,4.28331728472222,4.22444717361111,13.1002927083333,12.9171684722222,13.0678472222222,3.36881944444444,13.5650694375
"BVR",50,2022-02-22,NA,NA,NA,4.91346184027778,4.76895815277778,4.65989889583333,4.5356126875,4.50284970833333,4.39631860416667,4.39007754166667,4.34597157638889,4.33641684722222,4.27878520138889,13.0229013194444,12.6204989583333,13.0834027777778,3.98270833333333,16.0461111111111
"BVR",50,2022-02-23,NA,NA,NA,6.63795504166667,6.48238979166667,6.39123275,6.31196125,6.15545182638889,5.77812254861111,5.42478429166667,5.07567799305556,4.79341502777778,4.61006963194444,13.1360116666667,12.7387810416667,12.9985314685315,3.4641958041958,13.950000006993
"BVR",50,2022-02-24,NA,NA,NA,6.13441651388889,6.01066265277778,5.82354625,5.68398789583333,5.58232024305556,5.40327238194444,5.32819441666667,5.15923918055556,4.97161904861111,4.86743411805556,12.9257494444444,12.5378770138889,12.8426056338028,3.97478873239437,16.012746471831
"BVR",50,2022-02-25,NA,NA,NA,5.9092455625,5.90864599305556,5.86854186111111,5.84715946527778,5.82526985416667,5.74035470138889,5.74171252083333,5.70651665972222,5.70858035416667,5.65209488888889,12.9017670138889,12.6941701388889,12.7732638888889,3.56680555555556,14.3668055625
"BVR",50,2022-02-26,NA,NA,NA,6.28666657638889,6.2773333125,6.25954282638889,6.24857792361111,6.25296059027778,6.19014601388889,6.16079665277778,6.0590669375,6.03293754861111,5.96185490972222,12.9444983333333,12.72262,12.7909090909091,3.70188811188811,14.9129370629371
"BVR",50,2022-02-27,NA,NA,NA,6.42749061805556,6.42583414583333,6.39959710416667,6.40869852777778,6.41583398611111,6.35176163194444,6.34001322222222,6.31126334722222,6.30792995138889,6.25051234722222,13.0452927083333,12.8715861111111,12.8723611111111,3.79902777777778,15.3048610972222
"BVR",50,2022-02-28,NA,NA,NA,6.59107395833333,6.43004119444444,6.30854138194444,6.21210325694444,6.15064211805556,6.04954483333333,6.05162933333333,6.01678202083333,6.00890621527778,5.95068627083333,12.9673348611111,12.7606183333333,12.8495138888889,3.52340277777778,14.1904861111111
"BVR",50,2022-03-01,NA,NA,NA,6.79350486805556,6.7037975625,6.47797664583333,6.21532859722222,6.06294774305556,5.902600125,5.87925397222222,5.8316285,5.82133031944444,5.76577751388889,12.9593179166667,12.4777660416667,12.8878472222222,3.39888888888889,13.6891666666667
"BVR",50,2022-03-02,NA,NA,NA,7.53671386111111,7.46794072222222,7.39547090972222,7.26252063888889,7.07806684027778,6.75672015277778,6.36159571527778,5.98261150694444,5.88923188888889,5.82266143055556,13.1541361805556,12.3091382638889,13.0125874125874,3.50160839160839,14.1014685244755
"BVR",50,2022-03-03,NA,NA,NA,8.00079938194444,7.91058388194444,7.71845870833333,7.65131845138889,7.58694961111111,7.41155620138889,7.12012442361111,6.6701114375,6.36214258333333,6.05085283333333,13.1012699305556,12.2079570833333,12.9488888888889,3.66347222222222,14.7552083263889
"BVR",50,2022-03-04,NA,NA,NA,7.73179423611111,7.49261709027778,7.360765875,7.2217833125,7.03634111805556,6.81324022916667,6.60612119444444,6.37199013194444,6.2290964375,6.12016119444444,12.9407154166667,11.7941633333333,12.8656643356643,4.13986013986014,16.6783216853147
"BVR",50,2022-03-05,NA,NA,NA,7.97215159722222,7.7618311875,7.68202402777778,7.53021975694444,7.37372684027778,6.96733151388889,6.66229352777778,6.43582510416667,6.29521720833333,6.16521341666667,13.0698692361111,11.4066454166667,13.0288888888889,3.98236111111111,16.0440277777778
"BVR",50,2022-03-06,NA,NA,NA,8.79055320833333,8.54753765277778,8.31495940972222,7.85163658333333,7.40454328472222,6.92880051388889,6.66741340972222,6.44847480555556,6.36161715277778,6.27450173611111,13.2363358333333,11.2270301388889,13.0930769230769,4.48846153846154,18.0869230769231
"BVR",50,2022-03-07,NA,NA,NA,10.1658352013889,9.65498933333333,9.21464504861111,8.67491440277778,8.10616802777778,7.34790656944444,6.96967691666667,6.56407880555556,6.43897327083333,6.32168427083333,13.1343843055556,10.9797126388889,13.0122222222222,4.38965277777778,17.6886111111111
"BVR",50,2022-03-08,NA,NA,NA,10.3607619305556,10.0362951319444,9.76603658333333,9.43622884027778,8.98960595138889,8.50875069444444,8.10347114583333,7.48980701388889,7.05284916666667,6.71387832638889,12.4666320138889,11.1165967361111,12.3463888888889,4.11756944444444,16.5907638819444
"BVR",50,2022-03-09,NA,NA,NA,9.62340795833333,9.50925767361111,9.39868422916667,9.22378206944444,8.95115419444445,8.556515875,8.17712661805556,7.51442863194444,7.19986544444444,7.03572371527778,12.4578941666667,10.9525421527778,12.3136111111111,4.55569444444444,18.3581250069444
"BVR",50,2022-03-10,NA,NA,NA,9.47503067361111,9.3262186875,9.25023335416667,9.0008256875,8.70947095833333,8.27403086111111,7.80378428472222,7.43101411111111,7.28136159722222,7.14788866666667,12.2805855555556,10.4308118125,12.1696478873239,4.3043661971831,17.3436619647887
"BVR",50,2022-03-11,NA,NA,NA,9.43492995138889,9.21882802083333,9.13167523611111,8.97335450694444,8.83280863194445,8.29826961111111,7.79932558333333,7.41415248611111,7.25107253472222,7.09260385416667,12.4520528472222,9.86312449305556,12.3618055555556,4.08625,16.4625694444444
"BVR",50,2022-03-12,NA,NA,NA,8.90499319444444,8.90753440972222,8.88350823611111,8.86638703472222,8.76526532638889,8.53070521527778,8.49834215972222,8.43526980555556,8.40838422916667,8.28548995138889,12.1318965972222,11.3726198541667,11.954965034965,3.6058041958042,14.5231468461538
"BVR",50,2022-03-13,NA,NA,NA,8.01831834027778,7.96294776388889,7.82493581944444,7.61058738194444,7.50060629861111,7.39379116666667,7.35758972222222,7.27771795138889,7.22586385416667,7.13889536111111,11.9786942361111,11.6987418055556,11.8364335664336,3.22951048951049,13.0032167902098
"BVR",50,2022-03-14,NA,NA,NA,7.86796501388889,7.66630232638889,7.58340513888889,7.52193422916667,7.46577360416667,7.37420350694444,7.35767292361111,7.16148459027778,6.94385522222222,6.68994366666667,11.9997997222222,11.3139094444444,11.8630555555556,3.48520833333333,14.0369444583333
"BVR",50,2022-03-15,NA,NA,NA,8.69636254166667,8.17639224305556,7.95251425,7.79464201388889,7.577268375,7.32278373611111,7.1673801875,7.05730856944444,6.99926791666667,6.90294154861111,12.1262763888889,10.98218125,12.0700704225352,3.34091549295775,13.4544366056338
"BVR",50,2022-03-16,NA,NA,NA,8.84505177777778,8.57655363194444,8.2246823125,7.73274493055556,7.51038424305556,7.26717247222222,7.17327915972222,7.09156370138889,7.061345375,6.988956,12.1750907638889,10.7418732638889,12.1516783216783,3.5958041958042,14.4821678251748
"BVR",50,2022-03-17,NA,NA,NA,9.70778077777778,9.57245204166667,9.41139693055556,8.77575561111111,8.32255820138889,7.60669515972222,7.25137406944444,7.18684016666667,7.16329759722222,7.09279824305556,12.1986944444444,10.6514534027778,12.0939160839161,3.12503496503497,12.5825874195804
"BVR",50,2022-03-18,NA,NA,NA,10.3500564375,10.0217547013889,9.45132045138889,8.65463569444444,7.98588502777778,7.45615974305556,7.2729375,7.17721045138889,7.15951641666667,7.10242988194444,12.2628282638889,10.2213335486111,12.2013888888889,3.35916666666667,13.5267361041667
"BVR",50,2022-03-19,NA,NA,NA,11.2222066666667,10.7923300208333,10.2248754236111,9.26897070138889,8.25113325694444,7.46728702083333,7.2490195625,7.16151720138889,7.13999084027778,7.08163354166667,12.3137385416667,9.64472175,12.1825,3.18402777777778,12.8194444375
"BVR",50,2022-03-20,NA,NA,NA,10.9807252777778,10.9831427083333,10.953443125,10.9667282638889,10.960650625,10.1525075486111,7.31037259722222,7.15980414583333,7.13982217361111,7.06443614583333,11.851535625,8.98005422222222,11.6755555555556,2.65784722222222,10.6939583472222
"BVR",50,2022-03-21,NA,NA,NA,10.9737329861111,10.5650186041667,10.2748235208333,9.91164043055556,9.63079116666667,8.76766588888889,7.84385266666667,7.26642623611111,7.17867699305556,7.08644138888889,11.7028326388889,8.53261313888889,11.5736805555556,2.681875,10.7922222152778
"BVR",50,2022-03-22,NA,NA,NA,10.8498835555556,10.6263091111111,10.1865391111111,9.73783888148148,9.23300385185185,8.19477671111111,7.55144311111111,7.28071637037037,7.22070779259259,7.13499318518519,11.6986406666667,8.72010119259259,11.7605223880597,2.93962686567164,11.8330596865672
"BVR",50,2022-03-23,NA,NA,NA,10.5377214930556,10.2896304930556,10.0449863611111,9.63073710416667,9.13823079861111,8.36088426388889,7.597862,7.28607468055556,7.24855669444444,7.16678040972222,11.4042585416667,8.5037165,11.7068531468531,3.54902097902098,14.2923776153846
"BVR",50,2022-03-24,NA,NA,NA,11.4934088194444,11.0275513194444,10.6179186180556,10.0221299375,9.14247659027778,8.33613340972222,7.80646354861111,7.39980947916667,7.27640931944444,7.17748443055556,11.4277923611111,8.04681741666667,11.6344444444444,3.10729166666667,12.5106944444444
"BVR",50,2022-03-25,NA,NA,NA,11.3493622916667,11.3415605555556,11.2984520138889,11.1641116388889,10.2335849444444,8.74715761111111,7.71007325,7.37402505555556,7.29176131944444,7.21138654166667,11.3387710416667,7.72665715277778,11.5394444444444,2.54194444444444,10.2278472013889
"BVR",50,2022-03-26,NA,NA,NA,10.3752948402778,10.3821005,10.3524049930556,10.3742166805556,10.3744682777778,10.0982093125,9.40667451388889,8.38862009027778,7.42315054861111,7.22168172916667,11.1428477777778,7.08333722222222,11.3428472222222,2.71784722222222,10.9387499930556
"BVR",50,2022-03-27,NA,NA,NA,9.29472755555556,9.30051736111111,9.2712285625,9.29123684027778,9.29829660416667,9.25267746527778,9.27584417361111,9.26363034027778,9.24487217361111,8.76169536805556,10.9828859027778,10.1296082152778,11.1795104895105,2.62314685314685,10.556013993007
"BVR",50,2022-03-28,NA,NA,NA,8.66002060416667,8.67986804861111,8.65738829861111,8.68253945138889,8.69527266666667,8.65173213194444,8.67443950694445,8.66399194444444,8.67235220138889,8.6277368125,11.101624375,11.1694147222222,11.2971527777778,2.7825,11.2002083263889
"BVR",50,2022-03-29,NA,NA,NA,8.52186078472222,8.382630625,8.28980148611111,8.22901296527778,8.18397320833333,8.09046010416667,8.07282005555555,8.01927465277778,7.98235342361111,7.89987475694444,11.1906800694444,11.0985024305556,11.4181118881119,3.39398601398601,13.6676223706294
"BVR",50,2022-03-30,NA,NA,NA,8.32574575,8.21247677777778,8.14036120833333,8.08241366666667,8.04576731944444,7.93425863194444,7.86080347222222,7.69291252777778,7.61780986805556,7.51912958333333,11.2317965972222,10.8466995833333,11.4814084507042,3.62225352112676,14.5895070422535
"BVR",50,2022-03-31,NA,NA,NA,9.33947027083333,9.08586672222222,8.91992486111111,8.77474021527778,8.58656475694444,8.23190824305556,7.97773907638889,7.7630099375,7.70715560416667,7.61222453472222,11.5126472222222,10.5652677083333,11.7227777777778,4.43361111111111,17.8648611111111
"BVR",50,2022-04-01,NA,NA,NA,9.88112948611111,9.89041809027778,9.85942786111111,9.87260686805556,9.84830453472222,9.67286430555555,9.37627836805556,8.98284779861111,8.34262863194444,7.847628,11.440770625,10.3013715902778,11.6304166666667,3.7825,15.2363194444444
"BVR",50,2022-04-02,NA,NA,NA,9.62609577083333,9.41048688888889,9.3107885,9.21315280555556,9.15179613888889,8.98424701388889,8.85505760416667,8.58007765277778,8.21341431944444,8.00647134722222,11.4919170833333,9.85311123611111,11.7495035460993,3.9909219858156,16.0773758794326
"BVR",50,2022-04-03,NA,NA,NA,10.2982802986111,10.2870116111111,10.2495441180556,10.2176121111111,10.1291619027778,9.8518304375,9.44895536111111,8.96815847222222,8.58793322916667,8.19647918055556,11.6578683333333,9.78890896527778,11.8547916666667,3.47701388888889,14.0027777708333
"BVR",50,2022-04-04,NA,NA,NA,10.4192782638889,10.2914625277778,10.1720258888889,10.000721,9.74705800694444,9.49128552083333,9.13911018055556,8.692301,8.47488657638889,8.27759934722222,11.6773063194444,9.38245363194445,11.8952777777778,4.03458333333333,16.2540277777778
"BVR",50,2022-04-05,NA,NA,NA,10.6671661805556,10.4513363819444,10.2397687083333,9.89994142361111,9.65991086111111,9.34404120833333,9.1163309375,8.72775314583333,8.52994515972222,8.30191677777778,11.8175324305556,8.8295155625,12.0766666666667,4.82049645390071,19.4275886524823
"BVR",50,2022-04-06,NA,NA,NA,11.9455998611111,11.5590151180556,11.1277768541667,10.5860452638889,10.0813578055556,9.46133789583333,9.22454218055556,8.86440424305555,8.66913576388889,8.50221214583333,11.7381234027778,8.77339138194444,11.9111111111111,4.22426573426573,17.0208391468531
"BVR",50,2022-04-07,NA,NA,NA,12.5529415277778,12.3464975,12.0793491666667,11.1042299652778,10.1083407222222,9.40923798611111,9.1758566875,8.94445270138889,8.74060590972222,8.5907285625,11.6413332638889,8.62448088194444,11.7911805555556,4.52604166666667,18.2402777777778
"BVR",50,2022-04-08,NA,NA,NA,12.4791291666667,12.4000706944444,12.1414473611111,11.15722725,10.0569889027778,9.41395168055556,9.04730353472222,8.83010945833333,8.73857836111111,8.61730064583333,11.4763844444444,8.135073375,11.5897916666667,4.27152777777778,17.2127777777778
"BVR",50,2022-04-09,NA,NA,NA,11.62863625,11.6222345833333,11.5812278472222,11.5854640972222,11.3091813888889,10.0030359166667,9.3762705,8.89717086805556,8.73604925694444,8.5773531875,11.3444770138889,7.30854870833333,11.534,4.36957142857143,17.6079285714286
"BVR",50,2022-04-10,NA,NA,NA,11.0158121527778,10.9950594444444,10.9280331944444,10.7844291666667,10.6888408819444,10.4689788958333,10.0396010347222,9.51704863194444,9.20265910416667,8.79939861805556,11.1998264583333,7.40287990972222,11.4157042253521,3.93823943661972,15.8663380140845
"BVR",50,2022-04-11,NA,NA,NA,11.2395190277778,11.0492774305556,10.8522570138889,10.53965375,10.2863352083333,9.95239915277778,9.6973699375,9.39111836111111,9.10959222916667,8.87335966666667,11.3109384722222,6.85370226388889,11.5488888888889,4.651875,18.7453472152778
"BVR",50,2022-04-12,NA,NA,NA,13.207375035461,12.4819946099291,11.7053413475177,10.7037821985816,10.2415175673759,9.95522879432624,9.67479157446808,9.33898377304964,9.14326844680851,8.92434613475177,11.4633377304965,6.44423756737589,11.6315,4.2905,17.28935715
"BVR",50,2022-04-13,NA,NA,NA,13.9079182638889,12.6280764583333,11.4709928472222,10.6339361111111,10.2513164722222,9.90913625694444,9.69691915277778,9.37473914583333,9.16428633333333,8.93988689583333,11.7126242361111,5.73359640277778,11.9000704225352,4.19464788732394,16.9011267605634
"BVR",50,2022-04-14,NA,NA,NA,14.6192978472222,14.0245203472222,13.3113972916667,12.1313570833333,10.6933578402778,9.93908455555555,9.66406210416667,9.38243886805556,9.240813375,9.10375126388889,11.4965783333333,5.93099920138889,11.6548611111111,3.82520833333333,15.4106249930556
"BVR",50,2022-04-15,NA,NA,NA,14.1609716666667,13.8962359722222,13.1779478472222,11.1051290972222,10.3863667361111,9.95385883333333,9.59361197916667,9.35572690972222,9.23663373611111,9.07467104861111,11.3747523611111,4.96470258333333,11.2887323943662,3.68140845070423,14.8288732253521
"BVR",50,2022-04-16,NA,NA,NA,14.9844801388889,14.842265,13.5656681944444,11.5890298611111,10.5164515972222,10.0028177152778,9.66456165972222,9.36560735416667,9.23385709027778,9.04230261111111,11.3924106944444,4.10543646527778,11.1504861111111,3.45645833333333,13.9175694513889
"BVR",50,2022-04-17,NA,NA,NA,15.4605189583333,15.0755566666667,14.2070822222222,12.132879,10.8951190625,9.96675376388889,9.67159314583333,9.43114236111111,9.29882517361111,9.11954515277778,11.0797270138889,4.07347133333333,11.0125352112676,3.47070422535211,13.9764084577465
"BVR",50,2022-04-18,NA,NA,NA,13.4446198611111,13.3935607638889,13.2324847916667,12.6069061111111,11.0062449305556,10.1448118958333,9.69221580555556,9.43983375694445,9.31715160416667,9.1783930625,11.0721409027778,3.95335495138889,11.1731944444444,4.73541666666667,19.084375
"BVR",50,2022-04-19,NA,NA,NA,12.7038934722222,12.7055201388889,12.6717245833333,12.6857445138889,12.5538047222222,11.4666825902778,10.0262340902778,9.49705608333333,9.35476688194444,9.18589402777778,10.6793445833333,3.42103045833333,10.8447222222222,3.85229166666667,15.5175694583333
"BVR",50,2022-04-20,NA,NA,NA,12.3466415972222,12.1948945833333,12.0824475694444,11.9777032638889,11.6808647916667,10.7378307083333,9.90259953472222,9.48005761111111,9.36400095138889,9.22113038194444,10.763516875,3.04734122222222,10.9637762237762,4.58881118881119,18.4918181748252
"BVR",50,2022-04-21,NA,NA,NA,12.6307015972222,12.4264888888889,12.2110558333333,11.9345320138889,11.5120594444444,10.6547313194444,9.89054371527778,9.51711547222222,9.39935901388889,9.22840197916667,10.9486409027778,2.56304903472222,11.1714084507042,4.8487323943662,19.5421830985916
"BVR",50,2022-04-22,NA,NA,NA,14.5784420138889,13.5343349305556,12.8790458333333,12.3812020833333,11.458836875,10.7307357847222,9.82184948611111,9.46003036805556,9.36287120138889,9.18343016666667,11.16448625,1.46665970138889,11.316993006993,3.71601398601399,14.9679020979021
"BVR",50,2022-04-23,NA,NA,NA,15.7058297916667,14.1484163888889,13.0728919444444,12.2345126388889,11.5491853472222,10.7667307083333,9.98989818055555,9.54013377777778,9.39657915277778,9.2486751875,11.3900607638889,1.61945038194444,11.5629861111111,3.12854166666667,12.5944444305556
"BVR",50,2022-04-24,NA,NA,NA,17.5860360416667,16.0162875,13.3105745833333,12.3774182638889,11.6587322222222,10.7489772222222,9.87263291666667,9.4797245,9.37731745833333,9.21966070138889,11.550135,0.8616731875,11.3264583333333,2.65180555555556,10.6707639027778
"BVR",50,2022-04-25,NA,NA,NA,19.0177022916667,17.6315953472222,13.7357574305556,12.5485364583333,11.6802823611111,10.7813410416667,9.96450432638889,9.52561104861111,9.36926736111111,9.18223338194444,11.6480475694444,0.270648006944444,10.8048591549296,2.28535211267606,9.1906338028169
"BVR",50,2022-04-26,NA,NA,NA,19.6903597222222,18.9963805555556,15.7548588194444,12.9099352083333,11.679039375,10.7746201319444,10.0013709305556,9.5505599375,9.40216254861111,9.24094775,10.9742916041667,0.346334729166667,10.0101407746479,2.20633802816901,8.8722535
"BVR",50,2022-04-27,NA,NA,NA,16.7946233333333,16.7920624305556,16.7500910416667,15.967550625,13.18340625,11.1462895069444,10.1584407916667,9.66573063194445,9.47870914583333,9.33922551388889,9.68032286805555,0.334953743055556,9.84701384027778,2.06388888888889,8.29854163888889
"BVR",50,2022-04-28,NA,NA,NA,15.9279695138889,15.8805554861111,15.7574974305556,14.9873458333333,12.4267293055556,10.9006848611111,10.0761154583333,9.65057752777778,9.50337646527778,9.37151949305555,9.93107231944444,0.102406145833333,10.0769443888889,2.13256944444444,8.57513888888889
"BVR",50,2022-04-29,NA,NA,NA,15.5048869444444,15.348926875,15.0025315972222,14.5403447222222,12.2417077777778,10.9066894444444,10.1042157916667,9.65988645833333,9.51750225694444,9.31396738888889,10.2700979166667,0.000434381944444444,10.3565277777778,2.64944444444444,10.6620138819444
"BVR",50,2022-04-30,NA,NA,NA,15.1461649305556,15.1304673611111,15.1250365277778,14.5443528472222,12.3340090972222,10.9482670833333,10.1039696180556,9.61851650694445,9.48032467361111,9.25546601388889,10.1317360416667,0,10.3728472222222,2.59347222222222,10.4356944583333
"BVR",50,2022-05-01,NA,NA,NA,15.0334497916667,14.9261622916667,14.8715495833333,14.4964081944444,12.3737816666667,10.9317757638889,10.0641308402778,9.62022654861111,9.44920329166667,9.18373529166667,10.0705278472222,0,10.3088028169014,2.64514084507042,10.6451408450704
"BVR",50,2022-05-02,NA,NA,NA,16.8549438297872,16.0946586524823,15.2827095035461,14.8224531914894,12.6318057446809,10.9337446099291,10.0769011489362,9.61183207092199,9.43693867375887,9.16096387943262,10.2356165957447,0,10.3446808510638,1.74496453900709,7.00836878014184
"BVR",50,2022-05-03,NA,NA,NA,17.53533625,16.534244375,15.5794703472222,14.658623125,12.6774193055556,11.1052375,10.1735975972222,9.62617533333333,9.43967904166667,9.18332675,10.3348294444444,0,10.4365034965035,1.5848951048951,6.36356643356643
"BVR",50,2022-05-04,NA,NA,NA,19.6446965277778,19.4714301388889,16.0514466666667,14.7461294444444,12.6432143055556,10.9482130555556,10.0983863402778,9.65063859722222,9.45737914583333,9.20087429861111,10.3307129166667,0,9.87048605555556,1.11604166666667,4.46923611111111
"BVR",50,2022-05-05,NA,NA,NA,19.3958422222222,18.2928094444444,16.2242079861111,14.7824172916667,12.8629090972222,11.0887783333333,10.1710949652778,9.64409977083333,9.45902743055555,9.26326032638889,10.4523807638889,0,10.3015972013889,1.38409722222222,5.55222222222222
"BVR",50,2022-05-06,NA,NA,NA,18.6825059027778,18.5458210416667,16.7538032638889,14.8710211111111,12.8257569444444,11.0804923888889,10.1322064166667,9.62615983333333,9.430297875,9.24768572222222,10.1368010208333,0,9.74305559722222,1.82020833333333,7.31236111805556
"BVR",50,2022-05-07,NA,NA,NA,17.9584134027778,17.9500215277778,17.2324709027778,14.8177030555556,12.8842077777778,11.1543376388889,10.1528582777778,9.63441720138889,9.45026740972222,9.25562220138889,9.51788072222222,0,9.39007040140845,2.03978873239437,8.19985923943662
"BVR",50,2022-05-08,NA,NA,NA,16.8370355555556,16.8291879861111,16.724043125,15.0285022916667,12.8868934722222,11.0879830555556,10.1321879791667,9.61857248611111,9.44676015277778,9.21894196527778,9.37568918055556,0,9.53152782638889,2.11020833333333,8.48361111805556
"BVR",50,2022-05-09,NA,NA,NA,17.2951126950355,16.6322221276596,16.0657326950355,15.0059886524823,12.921380070922,11.1690283687943,10.2184083617021,9.65661575886525,9.45216044680851,9.22326995035461,9.61503073049645,0.000450978723404255,9.57776120895522,1.9910447761194,8.0040298358209
"BVR",50,2022-05-10,NA,NA,NA,17.6238195833333,17.3530175,16.466479375,15.2822834722222,13.0780884027778,11.2796955555556,10.2452071180556,9.67913631944444,9.49339802777778,9.26628598611111,9.77621891666667,0,NA,NA,NA
"BVR",50,2022-05-11,NA,NA,NA,18.1806311111111,17.7939202083333,17.0536190972222,15.2376144444444,13.0880051388889,11.3135934722222,10.2687450277778,9.68659463194444,9.49657590277778,9.29862275694444,9.89960026388889,0,NA,NA,NA
"BVR",50,2022-05-12,NA,NA,NA,18.2500220143885,17.9566143165468,17.1994447482014,15.2520526618705,13.1622757553957,11.3593925179856,10.2156978201439,9.67527609352518,9.50005814388489,9.299972,9.93944696402878,0,10.082343734375,1.55890625,6.258750015625
"BVR",50,2022-05-13,NA,NA,NA,18.2522238194444,17.9479224305556,17.2777147916667,15.399108125,13.1681325694444,11.3649070833333,10.2514228194444,9.68865477777778,9.51057438888889,9.31101885416667,9.92269027083333,0,10.083916048951,1.76804195804196,7.10335664335664
"BVR",50,2022-05-14,NA,NA,NA,19.3036295833333,18.8765515972222,17.5402522916667,15.3653573611111,13.2459135416667,11.3949416666667,10.2593644861111,9.67340872916667,9.49831539583333,9.28305429861111,10.0111722847222,0,9.99333333333333,1.69194444444444,6.79590279166667
"BVR",50,2022-05-15,NA,NA,NA,20.5800571527778,19.6480832638889,17.6645190277778,15.4887143055556,13.2555434722222,11.4493965972222,10.3177680208333,9.69008402777778,9.48734010416667,9.27152425694444,10.1127187986111,0,10.0941843971631,1.48787234042553,5.97283689361702
"BVR",50,2022-05-16,NA,NA,NA,21.7918997222222,21.1679170138889,18.5979343055556,15.5592236805556,13.2484661111111,11.4463320833333,10.2482497638889,9.71168079861111,9.52846372222222,9.33347171527778,10.0914050763889,0,9.82548598611111,1.50194444444444,6.02965278472222
"BVR",50,2022-05-17,NA,NA,NA,21.4460568055556,21.16802875,19.74216375,15.6031570833333,13.3500441666667,11.4934711111111,10.2933897222222,9.71372478472222,9.53460501388889,9.33828475694444,10.0687271458333,0,9.69777774305556,1.44569444444444,5.80041668055556
"BVR",50,2022-05-18,NA,NA,NA,21.2750945138889,20.981541875,18.9843925,15.6399290972222,13.4017388888889,11.5408738888889,10.3233763055556,9.70907552777778,9.52331584027778,9.33063926388889,10.6457876388889,0,9.92482513286713,1.70062937062937,6.82937064335664
"BVR",50,2022-05-19,NA,NA,NA,22.4881422916667,22.3109278472222,20.4669538194444,15.8606794444444,13.3241197222222,11.5833519444444,10.3784677430556,9.72928629166667,9.52623326388889,9.32203567361111,10.2105558472222,0,9.70514087323944,1.47633802816901,5.92514084507042
"BVR",50,2022-05-20,NA,NA,NA,23.6799881944444,22.6584002777778,20.1022015277778,16.1101698611111,13.4838152777778,11.5952731944444,10.3025824930556,9.72161357638889,9.51430701388889,9.30809444444444,10.7224302777778,0,10.0321527708333,1.74041666666667,6.99111111805556
"BVR",50,2022-05-21,NA,NA,NA,25.0902048611111,23.7042248611111,20.6181424305556,16.4421186805556,13.4973527083333,11.6639194444444,10.3591110069444,9.71083032638889,9.51458592361111,9.30857449305556,10.81845125,0,9.93755244755245,1.8034965034965,7.24755245454545
"BVR",50,2022-05-22,NA,NA,NA,25.8325713194444,24.4905685416667,21.1979817361111,16.7485810416667,13.5030354861111,11.6172534722222,10.3702232152778,9.74539719444445,9.54550230555556,9.34443472222222,10.8529094444444,0,9.85,1.70847222222222,6.86305551388889
"BVR",50,2022-05-23,NA,NA,NA,24.2558145,23.9389717142857,21.4754292142857,17.0756862142857,13.5920091428571,11.6636261428571,10.3969385428571,9.73445277142857,9.54429362142857,9.34063698571429,10.6887832142857,0,9.69564282857143,2.28285714285714,9.18128572857143
"BVR",50,2022-05-24,NA,NA,NA,21.7928184027778,21.7711885416667,20.9973877777778,17.4919284722222,13.5688897222222,11.6617260416667,10.3760562291667,9.72437796527778,9.5218514375,9.31971885416667,9.48407540972222,0,9.45979025174825,2.59566433566434,10.444965027972
"BVR",50,2022-05-25,NA,NA,NA,20.8701143055556,20.7136041666667,19.9568613194444,17.6951730555556,13.6543615972222,11.63048125,10.3742773611111,9.73820132638889,9.51306830555555,9.26226876388889,7.9270025625,0,9.31451382638889,2.90090277777778,11.6766666736111
"BVR",50,2022-05-26,NA,NA,NA,19.7572184722222,19.7293228472222,19.5302545138889,18.0150766666667,13.6851391666667,11.6838570138889,10.3856161111111,9.71099134722222,9.49817379166667,9.25988896527778,8.1280215,0,8.86951053846154,2.69538461538462,10.8465034685315
"BVR",50,2022-05-27,NA,NA,NA,20.2141995138889,20.0052716666667,19.6367752083333,18.3371128472222,13.9641181944444,11.8009458333333,10.4852114027778,9.76598463194444,9.52168788888889,9.27537049305556,8.99014722916667,0,9.40555554166667,2.568125,10.33152775
"BVR",50,2022-05-28,NA,NA,NA,21.1657290277778,20.8831016666667,20.1472711805556,18.4365770833333,13.9042752777778,11.76536,10.4546225069444,9.8431360625,9.6127743125,9.41491571527778,9.1041948125,0,9.65111110416667,2.47395833333333,9.95409722916667
"BVR",50,2022-05-29,NA,NA,NA,21.7563668055556,20.7276838194444,19.7916875,18.2250908333333,14.1627302083333,11.8168816666667,10.4519325763889,9.81843126388889,9.61969886805556,9.42199261805556,8.94918906944445,0,10.1853846153846,3.08440559440559,12.4175524475524
"BVR",50,2022-05-30,NA,NA,NA,23.6377350694444,21.2493376388889,19.8265486805556,18.4467183333333,14.18635375,11.8313767361111,10.4447013194444,9.80095509027778,9.60974798611111,9.4197335,9.136059375,0,11.0173611111111,2.99916666666667,12.0752083263889
"BVR",50,2022-05-31,NA,NA,NA,26.1580669444444,22.8329871527778,20.1003068055556,18.5013858333333,14.32442,11.8290799305556,10.4456177777778,9.81712259027778,9.6036041875,9.39486990277778,9.71656645138889,0,11.1783332916667,2.43305555555556,9.78798611805555
"BVR",50,2022-06-01,NA,NA,NA,27.6118243055556,24.0412718055556,20.3485423611111,18.5969552777778,14.3596954166667,11.8615358333333,10.4964549305556,9.81854361111111,9.60692748611111,9.37950413194444,10.1770508541667,0,11.7504166805556,2.27951388888889,9.167361125
"BVR",50,2022-06-02,NA,NA,NA,27.63625375,26.5979563194444,20.6875522222222,18.7163532638889,14.4798497916667,11.8653990972222,10.51425375,9.83536509027778,9.60535076388889,9.38068623611111,10.7701826388889,0,10.8987412307692,1.74692307692308,7.01755244055944
"BVR",50,2022-06-03,NA,NA,NA,26.1740815277778,26.0862136805556,21.0900761111111,18.8020102777778,14.5827374305556,11.8871368055556,10.5417915277778,9.82641102777778,9.59320343055555,9.37063810416667,11.1527530555556,0,9.2989511048951,1.83783216783217,7.38454545454545
"BVR",50,2022-06-04,NA,NA,NA,25.4378306944444,24.7593968055556,21.4418436111111,18.9504995833333,14.8320197916667,11.8949694444444,10.5258439583333,9.82000302083333,9.59510044444444,9.35310577083333,11.80299125,0,10.8281118881119,2.03643356643357,8.1870629020979
"BVR",50,2022-06-05,NA,NA,NA,24.9510648611111,24.5186136805556,22.0655569444444,19.0875514583333,14.8641593055556,11.9466918055556,10.5634101388889,9.8356140625,9.59013557638889,9.34074853472222,12.34837125,0,11.3347916666667,2.04590277777778,8.22506944444445
"BVR",50,2022-06-06,NA,NA,NA,24.5948421296296,24.3546938194444,22.6928741666667,19.2896696527778,14.9412188888889,11.9419038888889,10.5514261111111,9.83710254166667,9.58434999305556,9.32758140972222,12.4833543055556,0,11.7466197183099,2.10577464788732,8.46788732394366
"BVR",50,2022-06-07,NA,NA,NA,NA,24.0519664583333,22.8628895833333,19.4330236111111,15.0411035416667,11.9659277083333,10.5955291666667,9.85757067361111,9.58046682638889,9.30249997916667,11.7344002777778,0,10.7929166666667,2.36770833333333,9.52652776388889
"BVR",50,2022-06-08,NA,NA,NA,NA,23.8659875694444,23.158306875,19.5975816666667,15.2574409722222,11.9782571527778,10.5736446527778,9.83846520833333,9.56458661111111,9.29087361111111,10.4545642361111,0,11.0663194444444,1.89881944444444,7.63208335416667
"BVR",50,2022-06-09,NA,NA,NA,NA,24.6028011805556,24.4637084722222,20.8210044444444,15.2219722916667,12.0383369444444,10.6161320833333,9.86426204166667,9.58704563888889,9.33343675694444,10.421441875,0,10.6472535211268,1.55577464788732,6.24352112676056
"BVR",50,2022-06-10,NA,NA,NA,NA,24.05843125,23.5033490277778,20.7420904861111,15.3318993055556,12.0646041666667,10.597861875,9.84329375,9.58323201388889,9.35213534722222,9.76773685416667,0,10.1818055208333,1.65034722222222,6.62805554861111
"BVR",50,2022-06-11,NA,NA,NA,NA,24.0346022916667,23.4774575,20.8093041666667,15.5163752777778,12.0485154166667,10.6179719444444,9.87009654861111,9.6106620625,9.35954047222222,10.3137195208333,0,11.0635211267606,1.60359154929577,6.4406338028169
"BVR",50,2022-06-12,NA,NA,NA,NA,25.6918247222222,23.4112543055556,21.2420646527778,15.45895375,12.1563184722222,10.6187230555556,9.87409936805556,9.61241503472222,9.35088793055556,10.4489628263889,0,11.4197222222222,1.6125,6.47506944444444
"BVR",50,2022-06-13,NA,NA,NA,NA,26.8746371527778,24.3886975,21.1059226388889,15.8397626388889,12.1116776388889,10.6432413888889,9.88478323611111,9.62634276388889,9.34404950694444,11.4131973333333,0,12.0727083333333,1.33736111111111,5.36451388888889
"BVR",50,2022-06-14,NA,NA,NA,NA,27.2231281944444,25.4689599305556,21.4368050694444,15.7746040277778,12.2095183333333,10.668384375,9.91501872916667,9.67095395138889,9.40149285416667,10.7465023888889,0,10.8997916597222,1.12388888888889,4.50208333333333
"BVR",50,2022-06-15,NA,NA,NA,NA,27.2015711805556,24.8632245138889,21.4663036111111,15.8783182638889,12.2090433333333,10.72027125,9.92001251388889,9.65290766666667,9.39787077083333,12.19068125,0,12.6645070422535,1.1962676056338,4.79443661971831
"BVR",50,2022-06-16,NA,NA,NA,NA,28.967915,25.3655185416667,21.6579622222222,16.1070984722222,12.2895704166667,10.7157904166667,9.93175379861111,9.65961311111111,9.37049270833333,12.4616490277778,0,12.7948936170213,0.99,3.96163120567376
"BVR",50,2022-06-17,NA,NA,NA,NA,27.9593829861111,27.8714489583333,22.2252609722222,16.1810556944444,12.4079954861111,10.7510036041667,9.99920754166667,9.70783575694444,9.49731191666667,10.0280469236111,0,10.3070139097222,0.945694444444445,3.78034722222222
"BVR",50,2022-06-18,NA,NA,NA,NA,26.1796047222222,26.0558122222222,24.4596116666667,16.8017251388889,12.5098495138889,10.8426136111111,10.0540095,9.74462272916667,9.51246977777778,9.20920621527778,0,9.46951388888889,0.995416666666667,3.98194444444444
"BVR",50,2022-06-19,NA,NA,NA,NA,24.294488125,24.1026767361111,23.9918595138889,16.6561636805556,12.5308481944444,10.8301691666667,10.0427466388889,9.75644002777778,9.53371558333333,8.91230948611111,0,9.20356641958042,0.920699300699301,3.68160839160839
"BVR",50,2022-06-20,NA,NA,NA,NA,23.7882670289855,23.3931607246377,22.5878097826087,16.9733186231884,12.5534310144928,10.804703115942,10.0240035724638,9.76967063043478,9.51633823188406,8.94070548550725,0,9.13554737956204,0.927810218978102,3.71
"BVR",50,2022-06-21,NA,NA,NA,NA,25.0396277083333,23.46403125,22.2331041666667,17.1221625,12.6223620138889,10.8969530555556,10.0772069791667,9.76864407638889,9.49353410416667,9.75539121527778,0,9.62479165972222,0.861111111111111,3.44041665972222
"BVR",50,2022-06-22,NA,NA,NA,NA,25.7145756944444,24.9878179861111,22.9487549305556,17.5757149305556,12.6238040277778,10.871946875,10.0552758333333,9.78582386111111,9.53266013888889,10.1819322638889,0,10.2446852867133,0.809090909090909,3.23048951048951
"BVR",50,2022-06-23,NA,NA,NA,NA,26.31895875,25.3697096527778,22.8193213194444,17.5077808333333,12.6805708333333,10.8989636111111,10.0872028541667,9.81988865972222,9.56419377083333,10.0105219444444,0,9.83181817482517,0.864405594405594,3.4534965034965
"BVR",50,2022-06-24,NA,NA,NA,NA,26.8544836111111,25.1229894444444,22.7153363194444,17.8839366666667,12.7201161805556,10.8933307638889,10.0831515208333,9.83520881944444,9.59764377083333,10.5399065972222,0,9.94319447222222,0.858402777777778,3.42972222222222
"BVR",50,2022-06-25,NA,NA,NA,NA,26.5181157352941,25.8870356944444,22.8569901388889,17.6916574305556,12.7752245833333,10.946075,10.1219785972222,9.86082520138889,9.61781222916667,11.414185,0,10.4510563098592,0.802887323943662,3.20704225352113
"BVR",50,2022-06-26,NA,NA,NA,NA,NA,26.6581691666667,23.0530913194444,17.8080609722222,12.8734865277778,10.9755952083333,10.1101914861111,9.83697386805555,9.60194540972222,11.4356717361111,0,10.4719580559441,0.832657342657343,3.32559440559441
"BVR",50,2022-06-27,NA,NA,NA,NA,NA,26.6391346527778,24.4911047916667,17.9785810416667,12.8234197916667,10.9391755555556,10.1118034236111,9.82952797222222,9.60031725,10.5772990347222,0,10.6883333055556,1.06729166666667,4.27319444444444
"BVR",50,2022-06-28,NA,NA,NA,NA,NA,25.0646449305556,24.1307851388889,17.9055257638889,12.9552738194444,11.0011238194444,10.1321222986111,9.84685409722222,9.60709294444444,10.0163119236111,0,9.56461541258741,0.958741258741259,3.83608391608392
"BVR",50,2022-06-29,NA,NA,NA,NA,NA,25.2794495138889,23.3234679861111,18.1446077777778,12.9755595833333,11.0132534722222,10.1364276805556,9.86163055555556,9.61187744444444,10.8485574236111,0,9.36615381818182,0.835244755244755,3.33454545454545
"BVR",50,2022-06-30,NA,NA,NA,NA,NA,26.2256739583333,23.4511961111111,18.1154525694444,13.0282854861111,11.0364997222222,10.1635932013889,9.86064154166667,9.59291204166667,10.8520933333333,0,9.12783215384615,0.754335664335664,3.00853146853147
"BVR",50,2022-07-01,NA,NA,NA,NA,NA,27.1388334027778,23.4844002777778,18.2726415277778,13.119123125,11.0565293055556,10.1559272708333,9.87574873611111,9.60135055555556,10.6021739722222,0,8.51211266901409,0.688661971830986,2.74401408450704
"BVR",50,2022-07-02,NA,NA,NA,NA,NA,27.5563688888889,23.5952429166667,18.2171647222222,13.2523456944444,11.1492996527778,10.2103829375,9.90746839583333,9.65475401388889,10.3566002361111,0,7.97173611111111,0.739583333333333,2.95111111111111
"BVR",50,2022-07-03,NA,NA,NA,NA,NA,27.8829636111111,23.7622977777778,18.1516195138889,13.2381353472222,11.0674425,10.1974502777778,9.92493581944444,9.69035578472222,10.0507005,0,6.81416665277778,0.759027777777778,3.02854166666667
"BVR",50,2022-07-04,NA,NA,NA,NA,NA,27.3424842361111,23.4237366666667,18.3945821527778,13.2558707638889,11.1462791666667,10.2085676388889,9.92643276388889,9.67420175694444,9.39930355555556,0,4.81236111111111,0.603888888888889,2.4025
"BVR",50,2022-07-05,NA,NA,NA,NA,NA,27.5645870833333,24.1988681944444,18.277145,13.3454141666667,11.1583959027778,10.2438123611111,9.92945238194444,9.66145388888889,8.93992310416667,0,4.79715277083333,0.911111111111111,3.64326388888889
"BVR",50,2022-07-06,NA,NA,NA,NA,NA,26.844318125,25.3195491666667,18.4106625,13.4354439583333,11.13443,10.2298227638889,9.96651300694444,9.71458283333333,6.97381908333333,0,6.10326388888889,1.08923611111111,4.36069445138889
"BVR",50,2022-07-07,NA,NA,NA,NA,NA,27.1497441666667,24.64698625,18.4183086111111,13.4414823611111,11.1962091666667,10.2704199305556,9.98621994444444,9.73554485416667,6.247248375,0,4.35409722222222,1.01270833333333,4.05173611805556
"BVR",50,2022-07-08,NA,NA,NA,NA,NA,26.7803836111111,24.1798539583333,18.3455024305556,13.5353922916667,11.2538076388889,10.298415625,10.0007670416667,9.74691327777778,5.55853879861111,0,2.86788732394366,1.22640845070423,4.91514083802817
"BVR",50,2022-07-09,NA,NA,NA,NA,NA,26.9692740277778,24.6818042361111,18.4193354861111,13.5553927083333,11.2220751388889,10.2710382638889,9.99744607638889,9.74498076388889,5.40968688888889,0,3.62345070422535,1.325,5.31302817605634
"BVR",50,2022-07-10,NA,NA,NA,NA,NA,24.8257511111111,24.0542554166667,18.4167233333333,13.5735813888889,11.2375525,10.2791377083333,9.97478411805556,9.72649613194444,4.25716825,0,2.96743055555556,1.16944444444444,4.68409721527778
"BVR",50,2022-07-11,NA,NA,NA,NA,NA,24.4016450694444,23.4573606944444,18.5005175694444,13.6814370138889,11.2828025,10.2818117361111,9.96211970138889,9.69898920833333,4.68524171527778,0,3.98781690140845,0.988732394366197,3.95732394366197
"BVR",50,2022-07-12,NA,NA,NA,NA,NA,25.2825403472222,23.9898263888889,18.6819183333333,13.7054499305556,11.3276591666667,10.3149649305556,9.99762145833333,9.71663707638889,5.80348115277778,0,4.82887323943662,0.980070422535211,3.92049295774648
"BVR",50,2022-07-13,NA,NA,NA,NA,NA,26.4005015972222,24.3015052777778,18.703425625,13.8005489583333,11.3689820833333,10.334136875,10.0411711597222,9.81383106944445,6.28071040277778,0,5.3248951048951,0.88986013986014,3.55678321678322
"BVR",50,2022-07-14,NA,NA,NA,NA,NA,26.4998113888889,24.3065766666667,18.8603950694444,13.7634938888889,11.3893893055556,10.3670754166667,10.0539162013889,9.82037394444444,6.30159899305556,0,5.22120567375887,0.864113475177305,3.4522695035461
"BVR",50,2022-07-15,NA,NA,NA,NA,NA,26.540507173913,24.0080814492754,18.9258976086957,13.9117712318841,11.4124257246377,10.3908001449275,10.0871304275362,9.8497422826087,6.32840142753623,0,4.61404411764706,0.945147058823529,3.78051470588235
"BVR",50,2022-07-16,NA,NA,NA,NA,NA,26.9110069444444,24.2256264583333,18.8815126388889,14.0186560416667,11.5220105555556,10.4220544444444,10.0923969444444,9.81916914583333,6.69947179861111,0,4.18415492957747,0.910281690140845,3.63859154929577
"BVR",50,2022-07-17,NA,NA,NA,NA,NA,27.0138432638889,24.4647066666667,19.057473125,13.9763478472222,11.4692771527778,10.3941652083333,10.1101805902778,9.86110641666667,6.81361754861111,0,4.63699300699301,0.914265734265734,3.6548951048951
"BVR",50,2022-07-18,NA,NA,NA,NA,NA,26.6858020833333,24.7932929861111,19.1783295138889,14.217560625,11.4708033333333,10.4297738888889,10.1130674027778,9.88153817361111,6.41580763888889,0,4.81333333333333,1.00159722222222,4.00916666666667
"BVR",50,2022-07-19,NA,NA,NA,NA,NA,27.7734289583333,25.9724045833333,19.1892595833333,14.1815021527778,11.5299313888889,10.4651220833333,10.1625552083333,9.89850098611111,7.16542267361111,0,6.57506944444444,1.15694444444444,4.63604166666667
"BVR",50,2022-07-20,NA,NA,NA,NA,NA,28.0229042361111,26.1405643055556,19.4794196527778,14.2288449305556,11.5395214583333,10.4520282638889,10.1587097222222,9.88886597916667,7.45532888888889,0,6.69625,1.70111111111111,6.83249998611111
"BVR",50,2022-07-21,NA,NA,NA,NA,NA,28.52771625,26.5481420833333,19.6446408333333,14.3605926388889,11.5913254166667,10.4766940972222,10.1526499305556,9.86690727777778,7.78510458333333,0,7.38356646153846,1.77636363636364,7.13629369230769
"BVR",50,2022-07-22,NA,NA,NA,NA,NA,28.3779080555556,26.8860895138889,19.8634554166667,14.3508303472222,11.6333597916667,10.4802793055556,10.1561240277778,9.87847017361111,7.99316883333333,0,7.70590284027778,2.004375,8.05631945833333
"BVR",50,2022-07-23,NA,NA,NA,NA,NA,28.7090073611111,27.00434125,20.1302701388889,14.5259208333333,11.6419809722222,10.4825796527778,10.1613703472222,9.8771824375,8.30301917361111,0,8.30909093706294,2.0858041958042,8.38587413986014
"BVR",50,2022-07-24,NA,NA,NA,NA,NA,28.7398904166667,27.3286302777778,20.27973375,14.58908625,11.6737215277778,10.5065910416667,10.1857064583333,9.90847726388889,8.44485250694444,0,8.56300703496503,2.15048951048951,8.64797202797203
"BVR",50,2022-07-25,NA,NA,NA,NA,NA,28.8673743055556,27.7169180555556,20.5136608333333,14.6534310416667,11.6714640972222,10.50562375,10.1780895833333,9.88663271527778,8.6379873125,0,8.8401398041958,2.06055944055944,8.28426574125874
"BVR",50,2022-07-26,NA,NA,NA,NA,NA,27.8879242361111,27.62789125,20.7127392361111,14.6938236805556,11.7047605555556,10.5170116666667,10.1629284722222,9.87777329861111,8.3965568125,0,8.51611111805556,2.05284722222222,8.25263889583333
"BVR",50,2022-07-27,NA,NA,NA,NA,NA,26.9824459722222,26.8271403472222,20.7228923611111,14.7669349305556,11.7207968055556,10.5146757638889,10.1575686111111,9.84309303472222,8.41023684027778,0,8.54861118055556,2.53736111111111,10.2090972430556
"BVR",50,2022-07-28,NA,NA,NA,NA,NA,26.6941329861111,26.2096097916667,20.9866525,14.8288691666667,11.7869885416667,10.5458778472222,10.1514154861111,9.82638403472222,8.53970996527778,0,8.635035,3.04846153846154,12.2737762237762
"BVR",50,2022-07-29,NA,NA,NA,NA,NA,27.278726875,26.6876168055556,21.311108125,14.8953819444444,11.7783001388889,10.5315625694444,10.1386579166667,9.82539493055556,8.752079625,0,8.90999996503496,2.90125874125874,11.6791608601399
"BVR",50,2022-07-30,NA,NA,NA,NA,NA,27.3342863194444,26.5136034722222,21.4694915972222,14.982631875,11.83267375,10.5579397222222,10.1462541666667,9.81845729166667,8.83372849305556,0,9.02256936805555,2.88513888888889,11.6128472430556
"BVR",50,2022-07-31,NA,NA,NA,NA,NA,26.6946840277778,26.1074442361111,21.7973872916667,15.1095843055556,11.8091003472222,10.5540034027778,10.1660291666667,9.83671334027778,9.03040361805555,0,9.20422532394366,3.54183098591549,14.2643661901408
"BVR",50,2022-08-01,NA,NA,NA,NA,NA,26.7918510416667,26.2453322916667,21.9734820138889,15.1300103472222,11.8921770138889,10.5721140972222,10.1704823611111,9.86685586111111,9.04577247222222,0,9.13243065277778,3.46111111111111,13.939375
"BVR",50,2022-08-02,NA,NA,NA,NA,NA,27.0295382638889,26.8481197916667,22.0466108333333,15.19598,11.861765625,10.5688479861111,10.1709992361111,9.84507222916667,9.10978747916667,0,9.23986006993007,3.44244755244755,13.8613286713287
"BVR",50,2022-08-03,NA,NA,NA,NA,NA,27.1654495833333,26.3028674305556,22.2324978472222,15.3582654861111,11.8717045138889,10.5704938888889,10.1724869444444,9.84103181944444,9.11733836111111,0,9.39791668055556,3.67423611111111,14.8008333333333
"BVR",50,2022-08-04,NA,NA,NA,NA,NA,27.8607595833333,26.3757563888889,22.3812530555556,15.3507790277778,11.9540173611111,10.6133636805556,10.1948918055556,9.838847875,8.99779054861111,0,9.55138892361111,3.22798611111111,12.9981249861111
"BVR",50,2022-08-05,NA,NA,NA,NA,NA,27.7842165277778,26.8911816666667,22.5371677083333,15.5788936111111,11.9983399305556,10.6240376388889,10.1792693055556,9.8476179375,8.93601413888889,0,9.17664330769231,2.78538461538462,11.2130769020979
"BVR",50,2022-08-06,NA,NA,NA,NA,NA,26.7540619444444,26.4710405555556,22.5950618055556,15.6409515972222,12.0093721527778,10.6543924305556,10.2399883333333,9.92682502777778,8.2615951875,0,8.46894367605634,3.33253521126761,13.4199295774648
"BVR",50,2022-08-07,NA,NA,NA,NA,NA,26.7458195138889,26.0027854861111,22.5096654861111,15.8612127083333,12.0118519444444,10.6399090972222,10.2467523611111,9.93413213888889,8.428715875,0,8.43125872027972,3.43111888111888,13.8183216783217
"BVR",50,2022-08-08,NA,NA,NA,NA,NA,27.9139190277778,26.4555964583333,22.5579700694444,15.852533125,12.0724600694444,10.684741875,10.2572566666667,9.91639927777778,8.552213625,0,8.71202800699301,3.52097902097902,14.1806993076923
"BVR",50,2022-08-09,NA,NA,NA,NA,NA,27.8707592361111,26.8910742361111,22.8275875,15.8755277777778,12.0775721527778,10.6823615972222,10.248940625,9.91835169444444,8.34316852777778,0,8.61111893006993,3.23818181818182,13.0393006993007
"BVR",50,2022-08-10,NA,NA,NA,NA,NA,27.5830772222222,27.0275302083333,22.7084450694444,16.1992416666667,12.1765858333333,10.7172402777778,10.2949900694444,9.9869769375,7.98856289583333,0,8.24902102097902,2.81118881118881,11.3148951188811
"BVR",50,2022-08-11,NA,NA,NA,NA,NA,26.8916404861111,26.7689283333333,24.1214270138889,16.0431668055556,12.1909931944444,10.7450375694444,10.3130986111111,9.98275856944444,7.80939198611111,0,8.1581119020979,3.12433566433566,12.5796503566434
"BVR",50,2022-08-12,NA,NA,NA,NA,NA,26.2123965972222,25.9265506944444,23.0624218055556,16.3086475,12.1816335416667,10.73186375,10.2932502083333,9.98785920138889,7.76495998611111,0,8.24000002816901,3.99204225352113,16.0816197183099
"BVR",50,2022-08-13,NA,NA,NA,NA,NA,25.7081079861111,25.3276817361111,23.1585596527778,16.4204903472222,12.2069545833333,10.7445711111111,10.3064379166667,9.97185215277778,7.95379698611111,0,8.43305553472222,4.12076388888889,16.6007638888889
"BVR",50,2022-08-14,NA,NA,NA,NA,NA,25.2383377083333,25.0790790972222,23.2166713888889,16.4881554861111,12.2801773611111,10.7572448611111,10.30307125,9.95353311805555,7.81007482638889,0,8.34198581560284,3.82333333333333,15.4036170212766
"BVR",50,2022-08-15,NA,NA,NA,NA,NA,23.89728,23.819880625,22.5207695833333,16.5196925694444,12.3108424305556,10.76848375,10.2942859027778,9.94036829166667,6.59952720833333,0,6.95256945833333,4.81673611805556,19.4130555555556
"BVR",50,2022-08-16,NA,NA,NA,NA,NA,22.8074136111111,22.7243116666667,22.4136736805556,16.6460675,12.3166810416667,10.7910970138889,10.2837321527778,9.908484375,5.84438790277778,0,6.288125,4.60118055555556,18.5405555555556
"BVR",50,2022-08-17,NA,NA,NA,NA,NA,22.830206875,22.58837375,21.9796514583333,16.7427172916667,12.3783730555556,10.7829757638889,10.2777793055556,9.9013021875,6.85551341666667,0,7.16513888888889,3.40194444444444,13.7007638888889
"BVR",50,2022-08-18,NA,NA,NA,NA,NA,23.7135116666667,22.80495,21.8550548611111,16.9055446527778,12.3998448611111,10.7864226388889,10.3013052777778,9.93137313888889,7.91559153472222,0,8.09830993661972,2.44992957746479,9.85408449295775
"BVR",50,2022-08-19,NA,NA,NA,NA,NA,23.8132875694444,23.3379053472222,21.7963734027778,17.1762513194444,12.4052613888889,10.8108278472222,10.3266813888889,9.96273865277778,7.93192045833333,0,8.23468536363636,1.52755244755245,6.13132867132867
"BVR",50,2022-08-20,NA,NA,NA,NA,NA,24.3461243055556,23.75110375,21.94434,17.21307,12.5052552777778,10.8733321527778,10.3616688194444,9.96849046527778,7.98474825694444,0,8.03570426760563,1.42450704225352,5.71739436619718
"BVR",50,2022-08-21,NA,NA,NA,NA,NA,24.5784490277778,23.8320694444444,22.1861724305556,17.2967630555556,12.5431911111111,10.8733822222222,10.3681786111111,10.0186244861111,7.76366904861111,0,8.15958044055944,1.70034965034965,6.82937063636364
"BVR",50,2022-08-22,NA,NA,NA,NA,NA,25.3000123611111,24.2595535416667,22.2246330555556,17.5021959027778,12.5764577083333,10.8794797916667,10.3934833333333,10.0505660902778,8.0049254375,0,8.2124476013986,1.34454545454545,5.39174825174825
"BVR",50,2022-08-23,NA,NA,NA,NA,NA,25.7452424305556,24.6921683333333,22.559165,17.4847702777778,12.6031788888889,10.9286695138889,10.439800625,10.0527843611111,8.09310554166667,0,8.2982517972028,1.58622377622378,6.36804195804196
"BVR",50,2022-08-24,NA,NA,NA,NA,NA,25.585911875,24.3837283333333,22.3504553472222,17.6430551388889,12.6438726388889,10.9219849305556,10.4186969444444,10.0460956180556,7.93380486111111,0,8.17699306293706,1.10293706293706,4.41636365034965
"BVR",50,2022-08-25,NA,NA,NA,NA,NA,25.4251052083333,24.6313794444444,22.4878731944444,17.6512932638889,12.7140120138889,10.9463608333333,10.4146423611111,10.0308590208333,7.81508572916667,0,7.9264336013986,0.797832167832168,3.18671328671329
"BVR",50,2022-08-26,NA,NA,NA,NA,NA,26.4220768055556,25.3419484027778,22.6830057638889,17.7016909722222,12.7239305555556,10.9347217361111,10.4254031944444,10.0516693402778,7.86097065972222,0,8.00034720138889,0.77,3.07208333333333
"BVR",50,2022-08-27,NA,NA,NA,NA,NA,26.300528125,25.5663527777778,22.8481894444444,17.8155592361111,12.8046252777778,10.9874484722222,10.4420152777778,10.0701442569444,7.50639131944444,0,7.72419582517483,0.604265734265734,2.40559440559441
"BVR",50,2022-08-28,NA,NA,NA,NA,NA,26.4427920138889,25.8123867361111,23.0065089583333,17.8544230555556,12.8578598611111,11.0176500694444,10.4751382638889,10.0916475,7.44853535416667,0,7.66645392198582,0.615177304964539,2.44787234042553
"BVR",50,2022-08-29,NA,NA,NA,NA,NA,27.2128195138889,26.3911757638889,23.1563545833333,18.0456947222222,12.8461340972222,10.9959741666667,10.4535175,10.0928906944444,7.30494020138889,0,7.39272727272727,0.589440559440559,2.34230769230769
"BVR",50,2022-08-30,NA,NA,NA,NA,NA,27.4674783333333,27.050911875,23.3810640972222,17.9962697222222,12.9522290277778,11.0250425694444,10.4744770138889,10.0813832638889,7.27624440277778,0,7.2231914893617,0.653723404255319,2.60329787234043
"BVR",50,2022-08-31,NA,NA,NA,NA,NA,26.6583645138889,26.5785851388889,23.9054499305556,18.1609722222222,13.0346427083333,11.0220375694444,10.4601326388889,10.0930552083333,7.52933972916667,0,7.6508392027972,0.837062937062937,3.34328671328671
"BVR",50,2022-09-01,NA,NA,NA,NA,NA,26.1475625694444,25.520125,24.1809459722222,18.3109709722222,13.0425474305556,11.0543320833333,10.4719811111111,10.0952209027778,7.69306858333333,0,7.7026761056338,1.04570422535211,4.18669014084507
"BVR",50,2022-09-02,NA,NA,NA,NA,NA,25.7157444444444,25.4518164583333,23.7723139583333,18.5480943055556,13.0356613194444,11.0791763194444,10.5164205555556,10.1037288194444,7.85124109027778,0,7.90437502083333,1.05395833333333,4.219375
"BVR",50,2022-09-03,NA,NA,NA,NA,NA,25.806760625,25.5289163888889,23.9792718055556,18.6253894444444,13.1310663194444,11.0992897916667,10.5058329861111,10.1094111111111,8.05305358333333,0,8.10562503472222,1.350625,5.4168055625
"BVR",50,2022-09-04,NA,NA,NA,NA,NA,25.8233872916667,25.6168875,24.148339375,18.7087710416667,13.2172834027778,11.114585,10.5133640972222,10.1084895833333,7.87916504166667,0,8.11187498611111,1.65027777777778,6.62687498611111
"BVR",50,2022-09-05,NA,NA,NA,NA,NA,25.2993210687023,25.1571664885496,23.9732829007634,18.5781474045802,13.0655682442748,11.0636819847328,10.4980664122137,10.0995332824427,7.62660120610687,0,7.9192157254902,2.14764705882353,8.63450980392157
"BVR",50,2022-09-06,NA,NA,NA,NA,NA,25.4196745138889,24.9577436805556,24.1465081944444,18.4730049305556,13.1170508333333,11.0990685416667,10.479518125,10.0812588888889,8.08344752777778,0,7.63571430357143,2.97125,11.9603571071429
"BVR",50,2022-09-07,NA,NA,NA,NA,NA,25.7634371527778,25.5677345833333,23.7205705555556,18.8002613194444,13.1513921527778,11.0920940277778,10.5180070138889,10.1029860416667,8.68927977083333,0,8.26513891666667,3.27347222222222,13.1811111041667
"BVR",50,2022-09-08,NA,NA,NA,NA,NA,24.865055625,24.5296872222222,23.4494702083333,18.8853158333333,13.1550670833333,11.1865607638889,10.6013808333333,10.1198511805556,8.65154386805555,0,7.77091550704225,4.11021126760563,16.5600704225352
"BVR",50,2022-09-09,NA,NA,NA,NA,NA,24.4668577777778,24.3153561805556,23.3676124305556,18.9113336805556,13.2333809722222,11.1182273611111,10.5720286805556,10.1448265277778,9.06611264583333,0,8.94293707692308,4.50895104895105,18.1693006993007
"BVR",50,2022-09-10,NA,NA,NA,NA,NA,23.6675898611111,23.6139377083333,22.8723584722222,18.9504814583333,13.2937213888889,11.1862604861111,10.5841438194444,10.1289757638889,8.75843263194444,0,8.11958041258741,5.14797202797203,20.7503496503497
"BVR",50,2022-09-11,NA,NA,NA,NA,NA,23.0397688194444,22.9152377083333,22.5897634027778,18.9875242361111,13.3130172916667,11.1514063888889,10.5529295833333,10.1224992361111,8.12972924305556,0,7.85377620979021,5.61000000699301,22.6141958041958
"BVR",50,2022-09-12,NA,NA,NA,NA,NA,23.6198327083333,23.2518341666667,22.6962756944444,19.16894625,13.4157125694444,11.1770345138889,10.5546480555556,10.1247241666667,9.42179103472222,0,9.16895832638889,6.10201388888889,24.6041666666667
"BVR",50,2022-09-13,NA,NA,NA,NA,NA,23.7548088888889,23.5481577083333,22.7817902083333,19.4150305555556,13.4604615277778,11.2310295833333,10.5951208333333,10.1468384027778,9.47438255555556,0,9.35788732394366,6.52584506338028,26.3134507042254
"BVR",50,2022-09-14,NA,NA,NA,NA,NA,23.4666854166667,22.5335316666667,21.9943145833333,19.3693923611111,13.4887824305556,11.2562986805556,10.5988332638889,10.1900486111111,9.42376355555556,0,8.9844755034965,7.10475520979021,28.6521678321678
"BVR",50,2022-09-15,NA,NA,NA,NA,NA,23.2394081944444,22.3625227777778,21.7188359722222,19.3489384722222,13.55474625,11.2597240972222,10.6229024305556,10.1811838194444,9.82040195138889,0,8.95006991608392,7.70097902797203,31.0588111888112
"BVR",50,2022-09-16,NA,NA,NA,NA,NA,23.2838666666667,22.3824750694444,21.6516454861111,19.3231538194444,13.5952754166667,11.2830883333333,10.6253022222222,10.1702527777778,10.02831375,0,9.4212675915493,7.24943662676056,29.236338028169
"BVR",50,2022-09-17,NA,NA,NA,NA,NA,23.08396375,22.5398852083333,21.5694775694444,19.4040805555556,13.6396839583333,11.2978582638889,10.6457263888889,10.1852233333333,10.4337430347222,0,9.9381817972028,7.52419578321678,30.3451748251748
"BVR",50,2022-09-18,NA,NA,NA,NA,NA,23.1984781944444,22.5884740277778,21.7074963888889,19.2606253472222,13.7572841666667,11.3619129166667,10.6598409722222,10.2034763194444,10.6033611805556,0,10.1959722083333,7.44701388888889,30.0330555555556
"BVR",50,2022-09-19,NA,NA,NA,NA,NA,23.9357468115942,22.8638221014493,21.6763105797101,19.3281702173913,13.7726658695652,11.3727555072464,10.6501617391304,10.2013738405797,10.6120512318841,0,10.5268115942029,7.92760868115942,31.973768115942
"BVR",50,2022-09-20,NA,NA,NA,NA,NA,24.4991389583333,23.3687361111111,21.8897815277778,19.3066961805556,13.8159036805556,11.3975991666667,10.6830266666667,10.2043511805556,10.3723467916667,0,10.2724475664336,8.59146848951049,34.6548951048951
"BVR",50,2022-09-21,NA,NA,NA,NA,NA,24.116819375,22.9881855555556,21.7539141666667,19.3888345833333,13.8190113888889,11.45738375,10.7245627777778,10.2175898611111,10.5326285416667,0,10.174577443662,7.84964790140845,31.6588028169014
"BVR",50,2022-09-22,NA,NA,NA,NA,NA,23.7047276388889,23.5464247222222,22.9641191666667,20.0760765277778,13.8974122222222,11.4941450694444,10.7308266666667,10.2756622222222,9.89454586111111,0,9.88319440972222,8.36708334722222,33.7495138888889
"BVR",50,2022-09-23,NA,NA,NA,NA,NA,21.6780939583333,21.6213933333333,21.4371370833333,20.301995625,14.0509020138889,11.5409110416667,10.7948085416667,10.3453272222222,8.62945744444444,0,8.5767360625,6.71527779861111,27.0788888888889
"BVR",50,2022-09-24,NA,NA,NA,NA,NA,20.8057244444444,20.6547298611111,20.4630522222222,19.2077829861111,14.2044505555556,11.527918125,10.8278072222222,10.3648541666667,8.26758377083333,0,8.18409723611111,5.71125,23.0232638888889
"BVR",50,2022-09-25,NA,NA,NA,NA,NA,20.394845,20.357778125,20.3389645138889,19.3489967361111,14.2186298611111,11.5749038194444,10.8571030555556,10.3611529861111,8.54340576388889,0,8.49573423776224,5.79153845454545,23.349020979021
"BVR",50,2022-09-26,NA,NA,NA,NA,NA,20.3347959722222,20.267288125,19.9894969444444,19.2154427083333,14.2892888888889,11.6346035416667,10.881921875,10.3760940277778,8.42994311111111,0,8.41437505555556,5.52840277777778,22.2868055555556
"BVR",50,2022-09-27,NA,NA,NA,NA,NA,19.9575245833333,19.9191463888889,19.7827225,18.8953365972222,14.3786977083333,11.5819586805556,10.8626599305556,10.3727871527778,8.45070750694445,0,8.39342651048951,5.31608392307692,21.4295804195804
"BVR",50,2022-09-28,NA,NA,NA,NA,NA,19.1144263888889,19.0491253472222,18.8846403472222,18.5096136111111,14.89472625,11.7207334722222,10.94126,10.4508053472222,8.15852409722222,0,8.12307688811189,4.43776223776224,17.8820979020979
"BVR",50,2022-09-29,NA,NA,NA,NA,NA,18.3790868055556,18.2141011805556,18.1420286805556,17.9361725694444,15.0572822916667,11.7476801388889,10.9511518055556,10.4639548611111,8.10683384027778,0,7.86457147857143,4.38342857142857,17.6632857142857
"BVR",50,2022-09-30,NA,NA,NA,NA,NA,17.3587479166667,17.3342310416667,17.3471542361111,17.2737674305556,15.886086875,11.7647498611111,10.9332242361111,10.4571003472222,7.37541665277778,0,7.45783217482517,4.10097902097902,16.521958041958
"BVR",50,2022-10-01,NA,NA,NA,NA,NA,16.2943400694444,16.2510690277778,16.2477123611111,16.0687094444444,15.2091303472222,11.8125252083333,10.9303046527778,10.429400625,7.26052480555556,0,7.37152777777778,3.92243055555556,15.8011111111111
"BVR",50,2022-10-02,NA,NA,NA,NA,NA,15.5293175,15.5056226388889,15.5193198611111,15.4782967361111,15.3306629166667,11.8361856944444,10.9409628472222,10.4282818055556,7.11995151388889,0,7.24461538461538,3.24531468531469,13.0668531468531
"BVR",50,2022-10-03,NA,NA,NA,NA,NA,15.5670734027778,15.2878194444444,15.1482489583333,14.9687809722222,14.8291228472222,11.9000986805556,10.9310467361111,10.4283109722222,7.11548244444444,0,7.00944055944056,2.57881118881119,10.3758041888112
"BVR",50,2022-10-04,NA,NA,NA,NA,NA,15.1462980555556,15.1331588888889,15.1318885416667,15.0755025694444,14.9771727083333,12.45574,11.0105777777778,10.462169375,7.16885596527778,0,7.30888111888112,2.09685314685315,8.43062940559441
"BVR",50,2022-10-05,NA,NA,NA,NA,NA,15.3125027083333,15.0463513888889,14.765290625,14.6004052083333,14.5160338194444,14.1479272916667,11.1001652777778,10.5194679166667,6.94976017361111,0,7.18901408450704,1.76753521126761,7.10126764084507
"BVR",50,2022-10-06,NA,NA,NA,NA,NA,16.207339375,15.4745045833333,14.7698595833333,14.4782766666667,14.2904413194444,13.6595413888889,11.1773245138889,10.5133811805556,6.95100904166667,0,6.76594405594406,1.81188811188811,7.27867133566434
"BVR",50,2022-10-07,NA,NA,NA,NA,NA,16.8435195138889,16.348395625,15.0833078472222,14.3989348611111,14.1675346527778,13.6285250694444,11.237980625,10.4814579166667,7.89390839583333,0,7.55377623776224,1.80762237762238,7.26265733566434
"BVR",50,2022-10-08,NA,NA,NA,NA,NA,16.4267059722222,16.3235669444444,15.4550678472222,14.5737909027778,14.1514538194444,13.6228877083333,11.3106575,10.470691875,8.41640988194444,0,8.53000002083333,1.910625,7.67694446527778
"BVR",50,2022-10-09,NA,NA,NA,NA,NA,15.8252370138889,15.3009010416667,14.7701473611111,14.352926875,14.0690461111111,13.4671031944444,11.3942220833333,10.4740183333333,8.14503729166667,0,7.00791672222222,1.820625,7.31409721527778
"BVR",50,2022-10-10,NA,NA,NA,NA,NA,15.4118129861111,15.1061011805556,14.731018125,14.4151677083333,14.0669781944444,13.4651504861111,11.5078361805556,10.4797239583333,7.84471646527778,0,7.57307695104895,1.75293706293706,7.04174825174825
"BVR",50,2022-10-11,NA,NA,NA,NA,NA,14.9270928776978,14.75183,14.5202051079137,14.2248456115108,13.8500876258993,13.3326620863309,11.6325722302158,10.4900289208633,7.63052556834532,0,7.41971223021583,1.7873381294964,7.18035974100719
"BVR",50,2022-10-12,NA,NA,NA,NA,NA,14.8293313194444,14.6524856944444,14.4153906944444,14.1155316666667,13.7806163194444,13.2904563194444,11.7017931944444,10.50155375,8.27862750694444,0,7.71776220979021,2.09888111888112,8.43783218181818
"BVR",50,2022-10-13,NA,NA,NA,NA,NA,15.2934869444444,15.0298347916667,14.8256854166667,14.4755675,14.1370839583333,13.3311977777778,11.9576732638889,10.5124177083333,8.66398871527778,0,8.29555555555556,2.50638888888889,10.0843055486111
"BVR",50,2022-10-14,NA,NA,NA,NA,NA,15.5764080555556,14.9486432638889,14.600605,14.3797023611111,14.1099022222222,13.4735491666667,12.1769363888889,10.6607572222222,8.65091300694444,0,7.88084508450704,2.06929577464789,8.32147894366197
"BVR",50,2022-10-15,NA,NA,NA,NA,NA,15.1056089583333,14.9137475694444,14.6105140972222,14.1762149305556,13.8871392361111,13.2915086805556,12.3167141666667,10.7110619444444,8.6420475625,0,8.2625175034965,1.95559440559441,7.86013983916084
"BVR",50,2022-10-16,NA,NA,NA,NA,NA,15.4564702777778,15.2200523611111,14.8359252777778,14.3187943055556,13.8828832638889,13.3845263194444,12.3745334027778,10.7766486111111,8.997101375,0,8.68553192907801,1.92127659574468,7.72141846808511
"BVR",50,2022-10-17,NA,NA,NA,NA,NA,15.4000576388889,15.2519569444444,15.0867575,14.4872743055556,14.0018763194444,13.6024355555556,12.6049977083333,10.8163166666667,9.248379875,0,8.84302816901408,2.07183098591549,8.33007042253521
"BVR",50,2022-10-18,NA,NA,NA,NA,NA,13.9472711111111,13.9640113194444,13.9775363888889,13.9333272222222,13.9337558333333,13.8113457638889,13.3553163194444,11.4233247222222,8.35604514583333,1.82775540277778,8.3576923006993,1.37293706293706,5.50755244755245
"BVR",50,2022-10-19,NA,NA,NA,NA,NA,12.6165070138889,12.60448875,12.6145476388889,12.5697436805556,12.5625665972222,12.4230477777778,12.135335625,11.9244190972222,7.94305102777778,8.04289959722222,7.96161977464789,1.55485915492958,6.24239436619718
"BVR",50,2022-10-20,NA,NA,NA,NA,NA,12.1822642361111,11.8684047916667,11.8201063888889,11.7407126388889,11.7237322916667,11.6300913194444,11.3503655555556,10.949655625,7.87616614583333,7.68532628472222,7.77020834722222,1.69594405594406,6.81076923076923
"BVR",50,2022-10-21,NA,NA,NA,NA,NA,11.8364513194444,11.6805713194444,11.6290638194444,11.5100244444444,11.4881629861111,11.4129671527778,11.087040625,10.8130503472222,8.10109711111111,7.290946375,8.02312506944445,1.66347222222222,6.68048611111111
"BVR",50,2022-10-22,NA,NA,NA,NA,NA,11.9530790972222,11.770503125,11.6622027083333,11.41251375,11.3628640277778,11.2892111111111,11.1537430555556,10.8934698611111,8.25238219444445,6.14787865277778,8.258888875,1.87118055555556,7.51826388888889
"BVR",50,2022-10-23,NA,NA,NA,NA,NA,12.8127034027778,12.2757218055556,11.6981595138889,11.4019780555556,11.3198368055556,11.2623427083333,11.2059371527778,10.9480642361111,8.73010570833333,5.03144153472222,8.59671334265734,2.00412587412587,8.05496502797203
"BVR",50,2022-10-24,NA,NA,NA,NA,NA,13.3558190714286,12.5266241428571,11.8134552857143,11.5103705,11.3852511428571,11.2910907857143,11.220066,11.0014645,9.09995042857143,4.34862877142857,8.53257147857143,2.3773381294964,9.56136690647482
"BVR",50,2022-10-25,NA,NA,NA,NA,NA,12.8032536111111,12.2752334722222,11.8430235416667,11.5343359722222,11.3967502777778,11.2886371527778,11.238145,11.0737270833333,9.09088511805555,3.92942958333333,8.28826394444445,1.85743055555556,7.46284722916667
"BVR",50,2022-10-26,NA,NA,NA,NA,NA,13.477165,13.2137470138889,12.7118552777778,11.974355625,11.5761933333333,11.3231952777778,11.2741900694444,11.1567277777778,9.63396135416667,3.88349530555556,9.12146853146853,1.72461538461538,6.92825176923077
"BVR",50,2022-10-27,NA,NA,NA,NA,NA,13.5951422916667,13.0184903472222,12.828351875,12.1940584722222,11.8428145138889,11.4214575,11.3328946527778,11.1997351388889,9.93405650694444,3.59602734027778,9.37802805633803,2.03397163120567,8.17468084397163
"BVR",50,2022-10-28,NA,NA,NA,NA,NA,12.41522375,12.2666322916667,12.1562203472222,11.9555861111111,11.7405278472222,11.4713377083333,11.3683784027778,11.2232311111111,9.31641238194444,3.091176375,9.03076389583333,2.12118055555556,8.5280555625
"BVR",50,2022-10-29,NA,NA,NA,NA,NA,12.4847470138889,12.3229349305556,12.2125280555556,11.966163125,11.73615625,11.5051472222222,11.4050370833333,11.2635595138889,9.59543090972222,2.52003967361111,9.11601411188811,2.1512676056338,8.64936616901409
"BVR",50,2022-10-30,NA,NA,NA,NA,NA,12.3315446527778,12.2217141666667,12.1478520138889,11.9589013194444,11.7473034027778,11.5184429166667,11.4299036111111,11.2790393055556,9.41014166666667,1.8045144375,8.95176054929578,2.12489361702128,8.54326242553191
"BVR",50,2022-10-31,NA,NA,NA,NA,NA,12.3426384027778,12.2488709722222,12.1874363194444,11.9724485416667,11.7537263194444,11.5217441666667,11.4290544444444,11.2549626388889,9.45442709027778,0.743368951388889,8.84720276923077,2.1151048951049,8.50328672027972
"BVR",50,2022-11-01,NA,NA,NA,NA,NA,12.8774765277778,12.8597434027778,12.8491672916667,12.5589040972222,12.1991480555556,11.7391928472222,11.4558318055556,11.2257366666667,9.83548321527778,0.138916,9.7702096993007,2.47078014184397,9.94297873049645
"BVR",50,2022-11-02,NA,NA,NA,NA,NA,13.0181897222222,12.8261658333333,12.6006576388889,12.3127245833333,11.9736620833333,11.6290355555556,11.5006936111111,11.2486104166667,9.80875677083333,0.0325369861111111,9.39451390972222,2.50426573426573,10.0747552377622
"BVR",50,2022-11-03,NA,NA,NA,NA,NA,13.4648659722222,12.8944305555556,12.5371439583333,12.2367539583333,11.945894375,11.6611101388889,11.5098851388889,11.2528184027778,10.5091968055556,0.00162072222222222,9.69356648251748,2.75559440559441,11.092027979021
"BVR",50,2022-11-04,NA,NA,NA,NA,NA,13.4551086805556,13.0006963888889,12.6012358333333,12.2241330555556,11.9640334722222,11.6840455555556,11.5276634027778,11.2467039583333,10.5591463194444,0,9.37708334722222,2.4451049020979,9.8374825034965
"BVR",50,2022-11-05,NA,NA,NA,NA,NA,14.0717692361111,13.2589218055556,12.6137615972222,12.2741052083333,11.9562146527778,11.7397297222222,11.5946158333333,11.2501013194444,10.6443690277778,0,9.20755253846154,2.01584507042254,8.10225352112676
"BVR",50,2022-11-06,NA,NA,NA,NA,NA,14.9107663194444,14.0301233333333,12.6575497916667,12.255116875,11.9488719444444,11.6768283333333,11.5388879166667,11.2454566666667,10.5275092361111,0,9.65597218055555,2.59090277777778,10.4241666666667
"BVR",50,2022-11-07,NA,NA,NA,NA,NA,16.7567890277778,15.5787404861111,12.7983277777778,12.3045047222222,11.9552327083333,11.6817463194444,11.5273879861111,11.1861774305556,10.550424375,0,9.84132866433566,2.82262411347518,11.3600000141844
"BVR",50,2022-11-08,NA,NA,NA,NA,NA,15.94650625,15.5610028472222,13.2074970833333,12.2938588888889,12.0030397222222,11.7306190277778,11.5431204861111,11.1898341666667,10.36422625,0,9.69929075886525,2.4354609929078,9.79730496453901
"BVR",50,2022-11-09,NA,NA,NA,NA,NA,13.7283633333333,13.5443065277778,13.0044491666667,12.3549005555556,11.9817589583333,11.7101109722222,11.5732473611111,11.2149427777778,9.3318111875,0,8.81482516783217,1.94356643356643,7.81125873426573
"BVR",50,2022-11-10,NA,NA,NA,NA,NA,13.1795825694444,13.0591513888889,12.9173702083333,12.3913725694444,12.01061,11.7367594444444,11.5706716666667,11.1941223611111,8.99366177777778,0,8.64678323776224,1.91454545454545,7.69454544055944
"BVR",50,2022-11-11,NA,NA,NA,NA,NA,13.4960394444444,13.2724604166667,13.0604713194444,12.6138453472222,12.0996478472222,11.7310177777778,11.5570978472222,11.2443292361111,8.96934240972222,0,8.45929574647887,1.75260563380282,7.03943661267606
"BVR",50,2022-11-12,NA,NA,NA,NA,NA,14.2203736805556,13.9986175,13.7934261805556,13.5782693055556,13.0779045833333,12.5679552083333,12.0437415277778,11.53419125,9.34263521527778,0,9.09181815384615,1.68447552447552,6.76664337762238
"BVR",50,2022-11-13,NA,NA,NA,NA,NA,12.8324096527778,12.8510579166667,12.8684695833333,12.8333546527778,12.8560417361111,12.8499177083333,12.8440004861111,12.4077443055556,8.87515361111111,7.47589668055556,8.95784716666667,1.12534722222222,4.50847222222222
"BVR",50,2022-11-14,NA,NA,NA,NA,NA,11.4961615277778,11.416770625,11.4061228472222,11.3080492361111,11.2686297222222,11.0813495138889,10.8831359722222,10.6668209444444,8.43915723611111,8.70493919444444,8.53069447916667,1.28430555555556,5.15069445138889
"BVR",50,2022-11-15,NA,NA,NA,NA,NA,10.5898004166667,10.562425,10.5785449305556,10.5348170833333,10.5510729861111,10.4275615972222,10.2021933680556,9.8748164375,8.10675263888889,8.09014090972222,8.28187504861111,0.991458333333333,3.96784722222222
"BVR",50,2022-11-16,NA,NA,NA,NA,NA,9.95382329861111,9.96038260416667,9.97601565972222,9.93702573611111,9.96370050694444,9.95863315277778,9.97281025694445,9.93155568055556,8.57102828472222,9.04139352777778,8.67902773611111,0.739930555555556,2.95131944444444
"BVR",50,2022-11-17,NA,NA,NA,NA,NA,9.10109669444445,9.10594384722222,9.12007652777778,9.07798578472222,9.103123625,9.09566407638889,9.10595636111111,9.06283802083333,9.33580871527778,9.77912877083333,9.3783916993007,0.771328671328671,3.07783216783217
"BVR",50,2022-11-18,NA,NA,NA,NA,NA,8.4160929375,8.39918857638889,8.40135936111111,8.32828204166667,8.29228738888889,8.12862996527778,8.03366450694444,7.95160193055556,9.71934315277778,10.0026302569444,9.76055559027778,0.816041666666667,3.25770833333333
"BVR",50,2022-11-19,NA,NA,NA,NA,NA,7.94504434027778,7.92290210416667,7.93567177777778,7.88430004861111,7.88099861111111,7.80924202083333,7.63504702083333,7.48307836111111,9.93851265972222,10.0284802222222,9.97979165972222,0.814722222222222,3.25263888888889
"BVR",50,2022-11-20,NA,NA,NA,NA,NA,6.79657673611111,6.79580772222222,6.80980546527778,6.76940559027778,6.79329615277778,6.78210063194444,6.79452743055556,6.75157965277778,10.4849845138889,10.9608763194444,10.5186713286713,0.61965034965035,2.46482517482517
"BVR",50,2022-11-21,NA,NA,NA,NA,NA,6.23035446527778,6.11556784722222,6.12192104861111,6.06811495833333,6.07883768055556,6.04599988194444,6.01515020833333,5.90714510416667,10.5620832638889,11.0726265972222,10.6795833333333,0.791666666666667,3.16090277777778
"BVR",50,2022-11-22,NA,NA,NA,NA,NA,6.15964308333333,6.09110572222222,6.08486891666667,5.95790818055556,5.856766375,5.80784297916667,5.79782392361111,5.74034027777778,10.6786073611111,11.0484690277778,10.7573943661972,0.730915492957746,2.91591549295775
"BVR",50,2022-11-23,NA,NA,NA,NA,NA,6.30662444444444,6.22754790972222,6.21478098611111,6.042160875,5.98003802083333,5.94204138888889,5.93525860416667,5.889367375,10.8418515277778,11.15668625,10.903661971831,0.786267605633803,3.14042253521127
"BVR",50,2022-11-24,NA,NA,NA,NA,NA,6.08360199305556,5.96948386805556,5.97887758333333,5.8915360625,5.87818390277778,5.85071536805556,5.85564711805556,5.81761055555556,10.7392194444444,10.9759379861111,10.7969444444444,0.821180555555556,3.27888888888889
"BVR",50,2022-11-25,NA,NA,NA,NA,NA,6.13477217361111,6.11991710416667,6.133646375,6.09262804166667,6.12132872916667,6.11605320833333,6.13468272916667,6.09886248611111,10.8924936805556,11.3488311805556,10.9427272727273,0.732027972027972,2.92027972027972
"BVR",50,2022-11-26,NA,NA,NA,NA,NA,6.38132344444444,6.29308564583333,6.27917222222222,6.20340744444444,6.212976875,6.19076472222222,6.19269323611111,6.14546557638889,11.0752513194444,11.50089625,11.1341666666667,0.888055555555556,3.54729166666667
"BVR",50,2022-11-27,NA,NA,NA,NA,NA,6.34688496527778,6.23448938194444,6.22742374305556,6.17256499305556,6.19427506944444,6.17517038194444,6.18534440972222,6.14668374305556,10.9159204166667,11.2485922916667,10.9720138888889,0.839166666666667,3.35111111111111
"BVR",50,2022-11-28,NA,NA,NA,NA,NA,6.59422109027778,6.56422461805556,6.58041229861111,6.54222990972222,6.57338813888889,6.56770721527778,6.58646027083333,6.55161934722222,11.1095192361111,11.5631715277778,11.1321527777778,0.810694444444444,3.23548611111111
"BVR",50,2022-11-29,NA,NA,NA,NA,NA,6.6407840625,6.55201822916667,6.56395486805556,6.50974863194444,6.53414721527778,6.52258721527778,6.52903276388889,6.47410238888889,11.0893764583333,11.4816615972222,11.1086013986014,1.13041958041958,4.52769230769231
"BVR",50,2022-11-30,NA,NA,NA,NA,NA,6.71825998611111,6.64960956944444,6.66162759027778,6.61461972222222,6.63607230555556,6.62052506944444,6.63021061111111,6.58971995833333,11.1246079166667,11.4345984722222,11.1297916666667,1.03409722222222,4.13798611111111
"BVR",50,2022-12-01,NA,NA,NA,NA,NA,6.21272354166667,6.17433709027778,6.19241477083333,6.1497399375,6.17747256944444,6.16950750694444,6.18079625,6.13647477777778,11.3889428472222,11.8346364583333,11.4017361111111,0.933888888888889,3.73513888888889
"BVR",50,2022-12-02,NA,NA,NA,NA,NA,5.93509922916667,5.81825313194444,5.83331632638889,5.782815,5.8051206875,5.78909468055556,5.79364411805556,5.73393627083333,11.4234098611111,11.8036383333333,11.4406944444444,1.20298611111111,4.82104167361111
"BVR",50,2022-12-03,NA,NA,NA,NA,NA,5.98026253472222,5.90171509722222,5.91389522222222,5.86463733333333,5.88881933333333,5.87220592361111,5.87468822222222,5.8264185,11.4562841666667,11.7824227083333,11.4547916666667,1.07458333333333,4.30138888888889
"BVR",50,2022-12-04,NA,NA,NA,NA,NA,5.83102309722222,5.76432415277778,5.77438753472222,5.72365971527778,5.7501695,5.73869976388889,5.74453538888889,5.69465292361111,11.6694570833333,12.0620386111111,11.6871328671329,1.13944055944056,4.56454545454545
"BVR",50,2022-12-05,NA,NA,NA,NA,NA,5.58537860416667,5.46895233333333,5.48734872222222,5.43843938194444,5.46214521527778,5.449317,5.45541800694444,5.40497394444444,11.6649702777778,12.0455161111111,11.6783333333333,1.48347222222222,5.95284721527778
"BVR",50,2022-12-06,NA,NA,NA,NA,5.37933676190476,5.491575625,5.36575101388889,5.38831240277778,5.34039065972222,5.36990436805556,5.3611988125,5.37854398611111,5.34475454166667,11.5494161111111,11.9983849305556,11.5981944444444,1.35541666666667,5.436111125
"BVR",50,2022-12-07,NA,NA,NA,NA,6.07343095138889,5.90075151388889,5.75406538194444,5.70084160416667,5.587835875,5.57476782638889,5.5228501875,5.44060622916667,5.37481113888889,11.6989928472222,11.8996972916667,11.7149645390071,1.61397163120567,6.47936169503546
"BVR",50,2022-12-08,NA,NA,NA,NA,6.29832388888889,6.19158823611111,6.01123890277778,5.97615618055556,5.86693882638889,5.84438279166667,5.77944922222222,5.72012197222222,5.52653501388889,11.6529513888889,11.7934363194444,11.653006993007,1.46140845070423,5.86514085211268
"BVR",50,2022-12-09,NA,NA,NA,NA,5.9179951875,5.9458984375,5.78619613194444,5.74834734027778,5.67748084722222,5.66070466666667,5.61208441666667,5.60971465972222,5.56681971527778,11.5301469444444,11.7090400694444,11.5261805555556,1.1025,4.41472222222222
"BVR",50,2022-12-10,NA,NA,NA,NA,5.87359553472222,5.97469659027778,5.82789584722222,5.81022851388889,5.73313727083333,5.71444847222222,5.65473992361111,5.65039883333333,5.61298215972222,11.5107463194444,11.5580086111111,11.5333566433566,1.20972027972028,4.84804195804196
"BVR",50,2022-12-11,NA,NA,NA,NA,6.0405375,6.11710861805556,6.01741384027778,6.03296294444444,5.97383008333333,5.97446052777778,5.87911859722222,5.78875241666667,5.69522705555556,11.6442131944444,11.4213630555556,11.6552142857143,1.32571428571429,5.31571429285714
"BVR",50,2022-12-12,NA,NA,NA,NA,6.02264125694444,6.077376625,6.01115390277778,6.02232673611111,5.97434777777778,5.99976788888889,5.98604047222222,5.99264054861111,5.91577822916667,11.8280245833333,12.2003852777778,11.8556643356643,1.5641958041958,6.27993007692308
"BVR",50,2022-12-13,NA,NA,NA,NA,5.929258125,6.04939832638889,5.92952826388889,5.9525099375,5.89834058333333,5.92236027777778,5.90970421527778,5.91886240972222,5.86101126388889,11.7658871527778,12.0754309722222,11.7879861111111,2.08145832638889,8.36722222222222
"BVR",50,2022-12-14,NA,NA,NA,NA,5.65492729166667,5.75103072916667,5.63689738888889,5.65788771527778,5.60257419444444,5.62725802777778,5.60836002083333,5.60995266666667,5.55686372222222,11.6975559027778,12.032710625,11.7462937062937,1.87020979020979,7.51573426573427
"BVR",50,2022-12-15,NA,NA,NA,NA,5.33960123611111,5.41813041666667,5.36838654166667,5.39010150694444,5.34470381944444,5.37576459722222,5.36506183333333,5.37486874305556,5.318236375,11.7219739583333,12.1188138194444,11.7704895104895,1.64359154929577,6.60035212676056
"BVR",50,2022-12-16,NA,NA,NA,NA,5.11646499305556,5.18196777777778,5.12025741666667,5.13507418055556,5.08975978472222,5.12078250694444,5.11134781944444,5.12449961111111,5.08824895138889,11.8351377083333,12.2515761111111,11.8315671641791,1.36537313432836,4.58656717164179
"BVR",50,2022-12-17,NA,NA,NA,NA,4.8606065,4.9251896875,4.86729147916667,4.87880915277778,4.83048270833333,4.85841895138889,4.84494435416667,4.856899,4.81641259027778,11.9613505555556,12.4011749305556,11.9110563380282,1.22788732394366,3.21697183098592
"BVR",50,2022-12-18,NA,NA,NA,NA,4.45707230555556,4.50680666666667,4.46709463194444,4.47862468055556,4.435785875,4.46621043055556,4.45525525694444,4.47122016666667,4.4361898125,12.0872552083333,12.5464822916667,12.0209722222222,1.24222222222222,3.26326388888889
"BVR",50,2022-12-19,NA,NA,NA,NA,3.7809755,3.85793365972222,3.79799369444444,3.81339535416667,3.76964902083333,3.80357144444444,3.7959131875,3.81431808333333,3.78160936111111,12.2490615277778,12.6807459722222,12.1864583333333,1.27923611111111,3.38340277777778
"BVR",50,2022-12-20,NA,NA,NA,NA,3.40709257638889,3.65622304166667,3.57655458333333,3.62823076388889,3.59640264583333,3.64042002777778,3.64029541666667,3.66720128472222,3.65519304166667,12.2838541666667,12.5872054166667,12.2611888111888,1.45083916083916,3.93909090909091
"BVR",50,2022-12-21,NA,NA,NA,NA,2.98821804166667,3.36431397222222,3.43971205555556,3.61604451388889,3.60626677777778,3.65703914583333,3.66964884722222,3.715649875,3.90365535416667,12.5463415277778,11.9144030555556,12.4225694444444,1.96833333333333,5.60861111111111
"BVR",50,2022-12-22,NA,NA,NA,NA,3.2999281875,3.58385674305556,3.50813754166667,3.54749823611111,3.5167293125,3.56507294444444,3.57439921527778,3.66022824305556,3.77122788194444,12.4402129861111,12.0810541666667,12.3996527777778,1.54951388888889,4.25451388888889
"BVR",50,2022-12-23,NA,NA,NA,NA,2.97520204166667,3.01815835416667,3.00501565972222,3.02670152777778,2.99189791666667,3.02458992361111,3.01633723611111,3.03754268055556,3.00608843055556,12.5979425694444,13.0570006944444,12.5148611111111,1.22958333333333,3.22388888888889
"BVR",50,2022-12-24,NA,NA,NA,NA,1.14782321597222,1.16205097569444,1.17551133888889,1.19469970347222,1.16008386875,1.19469758472222,1.18581803472222,1.20864430972222,1.17739240069444,13.030795625,13.494185,12.9486805555556,0.974097222222222,2.39951388888889
"BVR",50,2022-12-25,NA,NA,NA,NA,0.544567804861111,0.651833902777778,0.591181702777778,0.658848290277778,0.655659834027778,0.755018290972222,0.915199581944444,1.11132840833333,1.15951838958333,13.2668928472222,13.4064958333333,13.2162237762238,1.03692307692308,2.60216783216783
"BVR",50,2022-12-26,NA,NA,NA,NA,0.862553590277778,1.04661357916667,0.97434685625,1.09489896736111,1.17164688888889,1.51444785416667,1.76340790972222,1.95522370138889,2.06386422222222,13.2758010416667,12.6853034722222,13.2838461538462,1.20664335664336,3.15132867132867
"BVR",50,2022-12-27,NA,NA,NA,NA,1.17655282638889,1.34386009722222,1.19165475,1.26676891666667,1.4264428125,1.79962401388889,2.0003136875,2.22862663194444,2.51195752083333,13.3160306944444,11.1387407638889,13.3553146853147,1.78007042253521,5.14391608391608
"BVR",50,2022-12-28,NA,NA,NA,NA,1.451588625,1.61302700694444,1.47317807638889,1.58164671527778,1.71813230555556,1.986769625,2.18130083333333,2.41686472916667,2.81159629861111,13.3205402083333,9.68534361111111,13.3407746478873,2.02450704225352,5.78943662676056
"BVR",50,2022-12-29,NA,NA,NA,NA,1.71240813194444,1.87172234722222,1.73126144444444,1.83505046527778,1.9624591875,2.20068204861111,2.3740838125,2.59865519444444,3.02646015972222,13.3180592361111,8.36909765277778,13.332676056338,2.18971830985915,6.32183099295775
"BVR",50,2022-12-30,NA,NA,NA,NA,1.96660402083333,2.13278302777778,1.98189247916667,2.07454680555556,2.17794095833333,2.40358369444444,2.55337202083333,2.75305571527778,3.16694801388889,13.2486871527778,7.85771545138889,13.2848611111111,2.02027777777778,5.77659722222222
"BVR",50,2022-12-31,NA,NA,NA,NA,2.08094927777778,2.25194481944444,2.14362648611111,2.27943031944444,2.37221011805556,2.58087007638889,2.75721309027778,2.91612260416667,3.33422,13.2449099305556,6.953096875,13.2801398601399,2.25825174825175,6.54328671328671
