"Reservoir","Site","Date","ThermistorTemp_C_surface","ThermistorTemp_C_1","ThermistorTemp_C_2","ThermistorTemp_C_3","ThermistorTemp_C_4","ThermistorTemp_C_5","ThermistorTemp_C_6","ThermistorTemp_C_7","ThermistorTemp_C_8","ThermistorTemp_C_9","RDO_mgL_5_adjusted","RDO_mgL_9_adjusted","EXODO_mgL_1","EXOChla_ugL_1"
"FCR",50,2023-01-01,3.69668509722222,3.62429185416667,3.66274445833333,3.65893568055556,3.6169801875,3.68481570138889,3.82099288888889,3.9079833125,3.95484007638889,4.02130947222222,11.3636334722222,8.10442375,NA,NA
"FCR",50,2023-01-02,3.92139004861111,3.8174736875,3.85068358333333,3.83792575694444,3.77208915972222,3.80039340277778,3.85230077777778,3.89594117361111,3.91816409722222,3.95721538888889,12.3891295833333,9.62626629861111,13.2711764705882,7.56878048780488
"FCR",50,2023-01-03,4.2755828125,4.15458039583333,4.18480335416667,4.16989515972222,4.08867847222222,4.10838839583333,4.1446780625,4.15312464583333,4.12641093055556,4.10883515972222,12.3151454861111,10.3078455902778,13.1046478873239,7.77260565492958
"FCR",50,2023-01-04,5.14205760416667,4.88767954861111,4.728291125,4.59853103472222,4.42305411805556,4.36945740972222,4.34610488194444,4.31298715277778,4.24074527083333,4.19619855555556,12.0799457638889,10.7555173402778,13.0865467625899,8.80841728776978
"FCR",50,2023-01-05,5.09042779861111,4.99863090277778,4.98288403472222,4.9199434375,4.79385220833333,4.75323456944444,4.63752461805556,4.52102230555556,4.41482434722222,4.33780602083333,12.2185741666667,11.1671241666667,13.1126573426573,7.95622377622378
"FCR",50,2023-01-06,5.11054438888889,5.04105160416667,5.06293609722222,5.03246511111111,4.93571700694444,4.91951448611111,4.90060717361111,4.80419302777778,4.70939190972222,4.60599958333333,12.2938425694444,11.3563617361111,13.0617605633803,7.53633805633803
"FCR",50,2023-01-07,5.08339936805556,5.03464163888889,5.06566993055556,5.05958339583333,4.98533247222222,5.00758566666667,5.04026345138889,5.03621692361111,4.96478709722222,4.85802393055556,12.3532741666667,11.6875544444444,13.0947222222222,7.31729166666667
"FCR",50,2023-01-08,4.82435179166667,4.79415824305556,4.86210072916667,4.8667856875,4.79928472916667,4.82482863194444,4.863138125,4.86619011805556,4.83463259722222,4.80213685416667,12.2567254166667,12.2105697222222,12.9737762237762,7.14139855944056
"FCR",50,2023-01-09,4.77447438888889,4.72227597916667,4.772910625,4.77478652777778,4.70055129861111,4.72253370138889,4.75812543055556,4.76204629166667,4.73091796527778,4.69973070833333,12.2676980555556,12.1305407638889,12.901958041958,6.83083915384615
"FCR",50,2023-01-10,4.58826863888889,4.52001903472222,4.55835103472222,4.55095121527778,4.47366521527778,4.49117784722222,4.52631902083333,4.53122725694444,4.50140717361111,4.47179729861111,12.2648547222222,12.0869574305556,12.9866666666667,6.80215277777778
"FCR",50,2023-01-11,4.43505316666667,4.38514280555556,4.43001845138889,4.42107490972222,4.3480245,4.36849821527778,4.40289261805556,4.40847903472222,4.37853830555556,4.35032772916667,12.1821570833333,12.0459231944444,12.9792307692308,6.54083915384615
"FCR",50,2023-01-12,4.49659829166667,4.42261757638889,4.46254835416667,4.45506746527778,4.38215061111111,4.40452511111111,4.44130070138889,4.44096155555556,4.40712947916667,4.37601785416667,12.1314511111111,11.7988315972222,12.9525874125874,6.70405596503497
"FCR",50,2023-01-13,4.77971473611111,4.70142397222222,4.73936685416667,4.73629481944444,4.6628936875,4.68174341666667,4.71745021527778,4.72127524305556,4.6962534375,4.66976182638889,12.2982795138889,12.0747823611111,12.9262142857143,6.5637143
"FCR",50,2023-01-14,4.35817694444444,4.32447218055556,4.38448077777778,4.39303392361111,4.32061399305556,4.343000125,4.38406299305556,4.39218539583333,4.36476192361111,4.33926711111111,12.34963375,12.1718428472222,12.9288194444444,6.15798611111111
"FCR",50,2023-01-15,3.52449303472222,3.50436434722222,3.57009434722222,3.58783611805556,3.51961261111111,3.54539293055556,3.59038216666667,3.6010105625,3.57468938888889,3.551726125,12.4216264583333,12.2484652777778,13.0311805555556,5.67451389583333
"FCR",50,2023-01-16,3.25616877083333,3.20807831944444,3.27637495833333,3.28735878472222,3.22282404166667,3.257348125,3.31476565972222,3.34175040277778,3.34103132638889,3.34727305555556,12.338651875,12.1116013194444,13.0976056338028,5.39570421830986
"FCR",50,2023-01-17,3.46744110416667,3.39279890972222,3.45085564583333,3.44954654166667,3.39483507638889,3.43832351388889,3.51130055555556,3.54310389583333,3.54288140277778,3.54545925,12.2996222222222,11.8841336805556,13.0468531468531,5.51265734265734
"FCR",50,2023-01-18,3.81010222222222,3.73221668055556,3.77063574305556,3.75267093055556,3.68300963194444,3.70296516666667,3.74957827777778,3.76017163194444,3.73829027777778,3.72113923611111,12.2136013888889,11.9462982638889,12.9821830985916,6.30338028169014
"FCR",50,2023-01-19,4.41145849305556,4.28817702777778,4.27624316666667,4.19441341666667,4.08331906944444,4.07392983333333,4.09706577083333,4.09296454861111,4.05748385416667,4.03268042361111,12.1895274305556,11.9713301388889,13.0140277777778,6.03486111111111
"FCR",50,2023-01-20,4.3470466875,4.30726811111111,4.35358355555556,4.33572809722222,4.24374745833333,4.25358251388889,4.28091361805556,4.27808625694444,4.24339881944444,4.21593680555556,12.1129452083333,11.8176018055556,12.8678321678322,6.31965034265734
"FCR",50,2023-01-21,4.39479888194444,4.35967122222222,4.42328341666667,4.425323625,4.35382753472222,4.37246215277778,4.40821515972222,4.41340866666667,4.38648514583333,4.35806689583333,12.2121194444444,12.0419552777778,12.9136805555556,6.19604167361111
"FCR",50,2023-01-22,4.25812946527778,4.2237985,4.28832240277778,4.29110711805556,4.22476720833333,4.24904604861111,4.28690247916667,4.29293992361111,4.2661660625,4.24177905555556,12.1028235416667,11.9843693055556,12.8980555555556,6.57284721527778
"FCR",50,2023-01-23,4.25203175,4.21331209027778,4.263824375,4.25589305555556,4.1819538125,4.20102279861111,4.23775352083333,4.24311525,4.21316204166667,4.18691548611111,12.0976457638889,11.9489977777778,12.8566197183099,6.83063379577465
"FCR",50,2023-01-24,4.227538125,4.13718047222222,4.15296484722222,4.12779190277778,4.04555083333333,4.06067861111111,4.09291790277778,4.09517302083333,4.06692901388889,4.04059975694444,12.2135229166667,12.0491540972222,12.9545454545455,6.15030304040404
"FCR",50,2023-01-25,4.08948745138889,4.05149495138889,4.1206338125,4.12485310416667,4.05945901388889,4.08453299305556,4.12715970138889,4.13507603472222,4.11057383333333,4.09045767361111,12.1533529166667,11.9619996527778,12.9093661971831,6.31352112676056
"FCR",50,2023-01-26,4.04828002777778,4.00649915277778,4.06928675694444,4.07073414583333,4.00365426388889,4.02961139583333,4.07287144444444,4.08279836805556,4.06091027083333,4.04006209722222,12.1352149305556,11.97538125,12.8629787234043,6.98411347517731
"FCR",50,2023-01-27,4.024217125,4.015515625,4.05730284027778,4.04475542361111,3.97272086111111,3.99193908333333,4.0329839375,4.04276272222222,4.01958561805556,4.00003346527778,12.0898611805556,11.9304760416667,12.8706293706294,6.9106993006993
"FCR",50,2023-01-28,3.91065421527778,3.8746591875,3.91473763194444,3.90464140972222,3.83709392361111,3.85777232638889,3.90314757638889,3.91366636805556,3.88915266666667,3.86712640972222,12.1788989583333,12.0972889583333,12.9424305555556,6.70465277777778
"FCR",50,2023-01-29,3.96262099305556,3.89181255555556,3.94130047916667,3.94667511805556,3.88475920138889,3.91372084722222,3.95870818055556,3.96759220138889,3.94379204861111,3.92056245833333,12.1450279861111,12.1300179166667,12.9854166666667,6.60513888888889
"FCR",50,2023-01-30,4.54457590972222,4.3426205625,4.32196465972222,4.27988048611111,4.16587038888889,4.15752572222222,4.18375709027778,4.17524756944444,4.14150786805556,4.10785075694444,12.2053152083333,12.0689208333333,13.0720422535211,6.15492957746479
"FCR",50,2023-01-31,4.94182114583333,4.7872373125,4.78965202777778,4.761989375,4.65041915972222,4.62449254166667,4.56754377777778,4.48662859722222,4.39527315972222,4.31222061805556,12.3049386805556,11.7506225,13.0954929577465,5.58535211267606
"FCR",50,2023-02-01,4.99247943055556,4.91123215277778,4.941557125,4.90141057638889,4.79812489583333,4.78524795138889,4.78292077083333,4.69792148611111,4.60637133333333,4.4993461875,12.2421130555556,11.6592415972222,13.0870138888889,5.31506944444444
"FCR",50,2023-02-02,4.89039329861111,4.8087971875,4.85030231944444,4.84086924305556,4.758764875,4.7657178125,4.77834775694444,4.71708038194444,4.65162269444444,4.59254447916667,12.0722874305556,11.4964301388889,12.9896503496503,5.57300699300699
"FCR",50,2023-02-03,4.74453228671329,4.71588818181818,4.75652388811189,4.74422487412587,4.66822505594406,4.68297123076923,4.70689037762238,4.69487094405594,4.65792418181818,4.6200828041958,12.0953516083916,11.84086,12.8890909090909,5.02986013986014
"FCR",50,2023-02-04,4.25261175694444,4.2819205,4.30638136805556,4.29527806944444,4.22387838194444,4.24245048611111,4.27589236805556,4.278638125,4.24689538888889,4.21080482638889,12.0645161111111,12.0212089583333,12.9068531468531,4.70454545454545
"FCR",50,2023-02-05,4.14764908333333,4.09642403472222,4.13473232638889,4.10935690277778,4.02626816666667,4.04460988194444,4.08861174305556,4.09792938888889,4.07454316666667,4.05013292361111,12.0921303472222,12.13695625,12.9538461538462,4.06174825174825
"FCR",50,2023-02-06,4.41038869444444,4.34527670138889,4.38479606944444,4.37297880555556,4.30479724305556,4.32725645833333,4.36557872222222,4.3676189375,4.33802347222222,4.30239285416667,12.19768,12.2293279166667,12.9797222222222,4.15597222222222
"FCR",50,2023-02-07,4.67374754861111,4.57042242361111,4.53927754861111,4.50015083333333,4.41509134027778,4.42423432638889,4.45391798611111,4.45216149305556,4.42422273611111,4.39346452777778,12.1440976388889,12.1181975694444,13.01,3.54443661971831
"FCR",50,2023-02-08,5.29575977777778,5.0874671875,5.02667631944444,4.94149607638889,4.70685847916667,4.64283936111111,4.63017729166667,4.60776470833333,4.5657500625,4.52616497222222,12.1146284027778,11.9661329861111,13.010625,3.080625
"FCR",50,2023-02-09,5.77902579861111,5.35209545833333,5.18403007638889,5.05109633333333,4.82342502777778,4.78106320833333,4.76159455555556,4.71411697916667,4.66952597222222,4.62157919444444,12.0370455555556,11.7632622222222,12.9367361111111,4.02611111111111
"FCR",50,2023-02-10,6.35363656944444,6.20512765972222,6.21050572916667,6.17312723611111,6.02626854861111,5.92991188888889,5.59414225,5.07873700694444,4.91274885416667,4.77352643055556,11.9952606944444,11.3871795138889,12.8422222222222,3.46625
"FCR",50,2023-02-11,6.48241546527778,6.3792459375,6.39936401388889,6.35951736111111,6.16316323611111,6.07904516666667,6.06792634027778,5.95185633333333,5.66914830555556,5.19524232638889,11.8702729861111,11.1569250694444,12.7838461538462,3.55258741258741
"FCR",50,2023-02-12,6.1438528125,6.09874040972222,6.16105091666667,6.16220065972222,6.03827939583333,5.96706151388889,5.95322772222222,5.90498642361111,5.80690234027778,5.55736278472222,11.7974673611111,11.1847077083333,12.700985915493,3.87978873239437
"FCR",50,2023-02-13,5.71973709027778,5.65203703472222,5.70426834027778,5.69625463888889,5.62705396527778,5.64688228472222,5.68097085416667,5.68341185416667,5.65752152777778,5.63159114583333,11.7252269444444,11.7268354861111,12.5111888111888,4.30923076923077
"FCR",50,2023-02-14,5.92708793055556,5.61399918055556,5.59514313194444,5.55260804166667,5.47545829861111,5.49136985416667,5.52206543055556,5.52137310416667,5.49357051388889,5.46110997222222,11.5598111111111,11.5760170833333,12.483986013986,4.47727273426573
"FCR",50,2023-02-15,6.65045420138889,6.23353255555556,6.04101304861111,5.78673699305556,5.54442465277778,5.49965764583333,5.52157886111111,5.51762368055556,5.48997476388889,5.46162433333333,11.3190911805556,11.2226002777778,12.5425,4.37472222222222
"FCR",50,2023-02-16,7.59499992361111,7.15344460416667,6.73343674305556,6.19149863194444,5.70992036805556,5.59290877083333,5.57395046527778,5.55828050694444,5.52573793055556,5.49432921527778,11.3192818055556,10.9260403472222,12.4355944055944,4.89041958741259
"FCR",50,2023-02-17,8.53034147222222,8.16151546527778,7.80771698611111,7.45597120138889,7.08492486111111,6.69002571527778,5.82773203472222,5.64329759027778,5.57865940972222,5.53880095138889,11.2165503472222,10.7559591666667,12.3041958041958,5.42566433566434
"FCR",50,2023-02-18,7.76856066666667,7.49839739583333,7.34591607638889,7.159587,6.93618815972222,6.88134954166667,6.67940386111111,6.28396684722222,5.82063118055556,5.64684820138889,11.2235126388889,10.4567681944444,12.153829787234,5.43971631205674
"FCR",50,2023-02-19,6.98536311805556,6.87866310416667,6.84877497916667,6.77350842361111,6.59805144444444,6.37639442361111,6.22117333333333,6.11078742361111,5.9777280625,5.81236454861111,11.3345177083333,10.1538190277778,12.1743356643357,5.80258741258741
"FCR",50,2023-02-20,7.20671079861111,7.10915136111111,7.11655286805556,7.06853925,6.8740375625,6.7509638125,6.47283529166667,6.19703710416667,6.06028683333333,5.9390510625,11.275950625,9.9207755625,12.2562237762238,5.9179020979021
"FCR",50,2023-02-21,7.64295998611111,7.50479032638889,7.39266557638889,7.20646684027778,6.91297466666667,6.68047154861111,6.44441853472222,6.23879789583333,6.10486385416667,6.00448604166667,11.0108140277778,9.61508925694444,12.2358741258741,5.94286711888112
"FCR",50,2023-02-22,8.35980147222222,8.05973731944444,7.92334504861111,7.67443359027778,7.28336346527778,6.95701509027778,6.60446461805556,6.35373277777778,6.16322679166667,6.06136951388889,10.96272125,9.22814798611111,12.2725352112676,7.18915492957747
"FCR",50,2023-02-23,9.50380492361111,9.27220725694444,8.679676875,7.80959861805556,7.23802560416667,6.94988136805556,6.636478625,6.39792439583333,6.22677054861111,6.12226629861111,10.7128895138889,8.90436194444444,12.3172535211268,8.43676054225352
"FCR",50,2023-02-24,10.1559467916667,9.972305625,9.66614909722222,8.81666659722222,7.6892985,7.04797230555556,6.79887449305556,6.5879289375,6.39925743055556,6.23416215972222,10.6109534027778,8.91671511111111,12.1753846153846,7.97916087412587
"FCR",50,2023-02-25,9.19171440277778,9.11696220138889,9.05612161111111,8.54778016666667,7.71430417361111,7.09979771527778,6.79026773611111,6.59698607638889,6.43655579166667,6.31546097916667,10.3210504791667,8.35223441666667,12.0335664335664,9.12636365034965
"FCR",50,2023-02-26,8.89368758333333,8.73617833333333,8.64064997916667,8.42335381944445,7.8824979375,7.16849261111111,6.83192606944444,6.61524578472222,6.45446004166667,6.33767481944444,10.2901845833333,7.82916918055556,12.145034965035,10.1453846013986
"FCR",50,2023-02-27,8.95938494444444,8.84559720833333,8.7757905625,8.55428393055556,7.90799793055556,7.29944857638889,6.89638577777778,6.67450900694444,6.5011226875,6.37944745138889,10.0270275069444,7.39225079861111,12.0454166666667,9.6416666875
"FCR",50,2023-02-28,9.84921782638889,9.60070095833333,9.45200725694444,8.92635169444444,8.12927866666667,7.46351155555556,7.03507822916667,6.777138125,6.60283318055556,6.46035275,10.0108942291667,7.53478321527778,12.0595138888889,9.08201392361111
"FCR",50,2023-03-01,9.92789368055556,9.68943730555556,9.48695161805556,8.98174560416667,8.24442138194444,7.55107045833333,7.06778603472222,6.81280472222222,6.64998772222222,6.5340058125,9.71917598611111,7.47064909722222,12.1157638888889,11.5399305486111
"FCR",50,2023-03-02,10.3620144791667,10.2318036666667,10.1454027777778,9.01512039583333,8.19647525,7.50386761805556,7.12461209027778,6.85949385416667,6.68833300694444,6.56771910416667,9.46191940972222,6.88161436111111,12.1416083916084,9.78874126573427
"FCR",50,2023-03-03,10.0118223055556,9.97115345833333,10.0119123680556,9.58598604166667,8.79055511111111,7.65315184027778,7.13463458333333,6.85599791666667,6.69639945138889,6.59320802777778,9.33347219444444,6.41010247222222,11.9972027972028,11.9693706153846
"FCR",50,2023-03-04,9.44061055555555,9.361458875,9.30787363888889,9.21108497916667,9.02707310416667,8.70726686805556,7.88043201388889,7.049000625,6.77104904166667,6.637288375,10.1571551111111,6.32050369444444,11.6171830985915,11.2979577464789
"FCR",50,2023-03-05,10.0552203472222,9.79776700694444,9.51450185416667,9.04668953472222,8.84493766666667,8.59219444444444,8.15001083333333,7.27926988194444,6.821392875,6.66553454166667,9.89611640972222,5.94947845833333,11.7123776223776,11.9011888041958
"FCR",50,2023-03-06,10.0560288819444,9.79394059722222,9.56344463194444,8.9785959375,8.72537213194444,8.46433959027778,8.0524455625,7.32567759027778,6.90199993055556,6.76828294444444,9.77027420833333,5.98029828472222,11.9604166666667,14.8947222291667
"FCR",50,2023-03-07,10.5699685073529,10.4312594705882,10.1959996029412,9.77313000735294,9.46890635294118,9.19580876470588,8.74218823529412,7.68727730147059,7.40432297794118,7.35765691176471,10.6290194488189,8.5029231496063,12.0151327433628,14.1000000080645
"FCR",50,2023-03-08,9.84613745833333,9.74328594444444,9.73305760416667,9.69614179166667,9.58970833333333,9.55563735416667,9.418843625,8.72882576388889,8.07005354166667,7.93139267361111,11.3877988194444,10.097815625,11.8546153846154,13.1058741258741
"FCR",50,2023-03-09,9.96237229166667,9.73391221527778,9.44791050694444,9.24931952083333,9.12140234027778,9.08345688194444,8.95942629166667,8.63742195138889,8.5363936875,8.49672208333333,11.2929265972222,11.0694815277778,11.8795138888889,14.7065277777778
"FCR",50,2023-03-10,9.58298972222222,9.43471332638889,9.34743499305556,9.12145913888889,8.88775613194444,8.7362899375,8.63626498611111,8.61487815972222,8.587617875,8.56114370833333,11.34532625,11.3965763888889,11.9076223776224,17.272027972028
"FCR",50,2023-03-11,8.9918046875,8.9391816875,8.97789284722222,8.95496176388889,8.85156251388889,8.82811739583333,8.76150261805556,8.71588857638889,8.67648654861111,8.63945622916667,11.54753375,11.4570156944444,12.0269014084507,15.1949999929577
"FCR",50,2023-03-12,8.40182300694445,8.36082860416667,8.42418013888889,8.42055063888889,8.33483443055556,8.33212484722222,8.35014973611111,8.34497735416667,8.31102757638889,8.27020695833333,11.5683786111111,11.481684375,12.0455633802817,15.8292253521127
"FCR",50,2023-03-13,8.22158036111111,8.12898128472222,8.12058985416667,8.03491742361111,7.87352002083333,7.81155709027778,7.7862861875,7.77294190277778,7.73686744444444,7.69597681944444,11.6201935416667,11.5652245833333,11.9177464788732,15.9198591549296
"FCR",50,2023-03-14,7.82781286805556,7.78280915972222,7.83285465277778,7.81112885416667,7.71577131944444,7.66928247222222,7.65034397222222,7.64431777777778,7.61581602083333,7.58669740972222,11.7602623611111,11.6163892361111,11.9842352941176,15.8317646941176
"FCR",50,2023-03-15,7.58191534722222,7.50345742361111,7.51191906944444,7.45453049305556,7.34189605555556,7.25043122916667,7.17861356944444,7.15344227083333,7.11552699305556,7.0746166875,11.9465205555556,11.8280629861111,12.0693661971831,14.9812675985915
"FCR",50,2023-03-16,7.5307835625,7.24740228472222,7.19545953472222,7.09247647916667,6.97268185416667,6.94278926388889,6.93275913194444,6.91334909722222,6.87454979861111,6.84082728472222,12.0539131944444,12.0216819444444,12.2998601398601,16.4034965034965
"FCR",50,2023-03-17,7.98954918055556,7.77635090972222,7.65651259722222,7.27736130555556,6.88278044444444,6.77207343055556,6.75697215972222,6.74676825694444,6.71802579861111,6.6903625,12.2257359027778,12.1940715277778,12.4352777777778,17.6263194444444
"FCR",50,2023-03-18,8.0438965,7.93173547222222,7.86597005555556,7.78869629166667,7.6743744375,7.60770288194444,7.35682309027778,7.03315027083333,6.9657115625,6.92625314583333,12.1859915277778,12.4244206944444,12.3726388888889,14.5335416597222
"FCR",50,2023-03-19,7.805267625,7.74363633333333,7.74373184027778,7.69783445833333,7.5946888125,7.56453547916667,7.48102224305556,7.39084877083333,7.33461309027778,7.28922495833333,12.2732241666667,12.2926713194444,12.4178321678322,13.3227972027972
"FCR",50,2023-03-20,8.22755489583333,8.02124397222222,7.52417222222222,7.34877365277778,7.22949465972222,7.239395,7.26368817361111,7.26432014583333,7.23299041666667,7.19599311805556,12.3211945138889,12.1931609027778,12.4871830985915,11.550845056338
"FCR",50,2023-03-21,7.93953598611111,7.71238120138889,7.64734311805556,7.37041991666667,7.05364238888889,6.98345073611111,6.98597817361111,6.98344306944444,6.95590251388889,6.92929859722222,12.4861190277778,12.41329125,12.5630555555556,12.4009027847222
"FCR",50,2023-03-22,8.37098776388889,8.14058744444444,7.94379773611111,7.46231456944444,7.06187666666667,7.02241726388889,7.04489022916667,7.04850745138889,7.02541109722222,7.00225385416667,12.5753497916667,12.4195008333333,12.6636111111111,12.5310416736111
"FCR",50,2023-03-23,9.21443050694444,8.86318681944444,8.31799938194444,7.52401860416667,7.13412069444444,7.08878702083333,7.10296903472222,7.10639605555556,7.08363148611111,7.06145917361111,12.6952659027778,12.5433215277778,12.6658450704225,10.9777464647887
"FCR",50,2023-03-24,11.725159375,11.0580436319444,9.08329479166667,8.14310340277778,7.4511101875,7.20969179861111,7.18913304166667,7.18732067361111,7.16072354861111,7.13686603472222,12.6987202083333,12.5821371527778,12.3725874125874,9.0735663986014
"FCR",50,2023-03-25,11.6980150694444,11.20145625,9.93941867361111,8.30761202083333,7.53136190277778,7.34178094444444,7.3306895,7.32837359722222,7.30116560416667,7.27527144444444,12.6406130555556,12.5857736111111,12.2641666666667,10.2542361180556
"FCR",50,2023-03-26,12.242285,11.8307588194444,11.1403704305556,8.79922405555556,7.61001458333333,7.41051709027778,7.40381339583333,7.40129759027778,7.37701775,7.354319875,12.824644375,12.6831544444444,11.8004895104895,8.69650348251748
"FCR",50,2023-03-27,12.8752825,12.5129663888889,11.6332765972222,8.67541922222222,7.59241461111111,7.46213859027778,7.48037352083333,7.48558380555556,7.46271194444444,7.43964484027778,12.9461999305556,12.8074072222222,11.6768055555556,8.23506939583333
"FCR",50,2023-03-28,12.9959510416667,12.823755,12.194208125,9.87041925694444,7.99351642361111,7.54998007638889,7.54878867361111,7.553169375,7.53057577083333,7.50831895833333,12.9852965277778,12.8589373611111,11.4111805555556,9.06527772222222
"FCR",50,2023-03-29,12.5393121527778,12.2085421527778,12.0182267361111,9.40755470138889,7.88829470833333,7.62514173611111,7.62370953472222,7.62604371527778,7.60269224305556,7.57942765277778,13.0527099305556,12.9146763194444,11.3829166666667,8.478125
"FCR",50,2023-03-30,12.4283448611111,12.1874382638889,11.9661839583333,9.63012675,7.99109090972222,7.69452066666667,7.693478,7.69650625,7.67323851388889,7.65129934722222,13.1721401388889,13.0222127777778,11.396013986014,7.72874123076923
"FCR",50,2023-03-31,12.1678620138889,11.9992148611111,11.7434945138889,9.81518133333333,7.98422269444444,7.73341868055556,7.7532825,7.75964413194444,7.73858827777778,7.71675457638889,13.2192122222222,13.0597620138889,11.4883916083916,9.17965034965035
"FCR",50,2023-04-01,12.4541857638889,12.1619805555556,11.8173433333333,10.2162361527778,8.18127210416667,7.809272125,7.80750117361111,7.81051906944444,7.78809143055556,7.7657270625,13.2038916666667,13.0593594444444,11.4975524475524,10.2251748391608
"FCR",50,2023-04-02,12.8879785416667,12.7177161805556,12.6071836805556,11.9971145138889,9.00631741666667,7.88567541666667,7.87742650694444,7.88101614583333,7.85863190972222,7.83640029166667,13.2614070833333,13.15366,11.0895804195804,9.283007
"FCR",50,2023-04-03,12.4883943055556,12.3031070833333,12.1717675694444,11.4762595833333,8.70827184722222,7.92929027777778,7.94302740277778,7.94670163194444,7.92325374305556,7.90019878472222,13.3362736111111,13.175581875,11.2282394366197,10.2454929929577
"FCR",50,2023-04-04,13.5214266428571,13.0976732857143,12.6742928571429,11.6267374285714,8.90865026428571,7.99243297142857,7.99616334285714,7.99907897142857,7.97683467857143,7.9545435,13.3817383206107,13.2113182442748,11.1809090909091,9.93121213636364
"FCR",50,2023-04-05,15.2730841666667,14.6368865277778,12.962765,11.7556617361111,9.04291035416667,8.05229841666667,8.05301811111111,8.05702016666667,8.03559219444444,8.013339875,13.4471404166667,13.280384375,11.3679746835443,7.79987343037975
"FCR",50,2023-04-06,17.8474654861111,16.8792848611111,13.8895084722222,11.6947886805556,9.20651248611111,8.11565740972222,8.11223669444444,8.11553677777778,8.09393690277778,8.07222152083333,13.4867460416667,13.3290817361111,10.9171527777778,8.15499999305556
"FCR",50,2023-04-07,16.6359930555556,16.4097688194444,15.5748263888889,11.8323413888889,9.320474,8.18187202777778,8.16576009027778,8.16970129861111,8.1483525,8.12541625,13.454805,13.3279252083333,10.4515384615385,10.6974125944056
"FCR",50,2023-04-08,14.3512603472222,14.2584871527778,14.23302625,11.8703465277778,9.16172325,8.22047194444444,8.21688020833333,8.22084721527778,8.19977696527778,8.17774898611111,13.4353995138889,13.318043125,10.645,12.6680555486111
"FCR",50,2023-04-09,14.2507233333333,13.7838052083333,13.2846205555556,11.9209902777778,9.413692125,8.26286888888889,8.26340824305556,8.26650047916667,8.24545985416667,8.22250940972222,13.4757638888889,13.3078311805556,10.8582638888889,11.6007638958333
"FCR",50,2023-04-10,13.8625927083333,13.6150354861111,13.4055553472222,12.2543833333333,9.30028749305556,8.32475936111111,8.32124989583333,8.32311480555556,8.30151745833333,8.27967136805556,13.5314583333333,13.3708890277778,10.9420138888889,10.4843055416667
"FCR",50,2023-04-11,14.5003979861111,14.1391447222222,13.7494879861111,12.2498822916667,9.62520760416667,8.42641368055556,8.378947125,8.38108629166667,8.35919486805556,8.33663897916667,13.6003578472222,13.4720223611111,11.0334722222222,9.56590279166667
"FCR",50,2023-04-12,15.5843697916667,14.9554848611111,14.2203761805556,12.3835265277778,9.63372093055556,8.48757934722222,8.44386502777778,8.44409900694444,8.42202567361111,8.39963975694444,13.7247191666667,13.5806552083333,11.0121527777778,9.10923607638889
"FCR",50,2023-04-13,16.4051652083333,15.788715,14.2982652083333,12.4849070138889,9.83373990972222,8.53942465972222,8.50691326388889,8.50968595833333,8.48888460416667,8.46638810416667,13.8738804861111,13.723638125,10.9779861111111,8.68305554861111
"FCR",50,2023-04-14,17.0211202083333,16.478390625,14.4768709027778,12.6879752083333,9.87359955555556,8.58656627777778,8.56408204861111,8.56725658333333,8.54639266666667,8.52358645833333,13.938938125,13.7755665972222,10.9429166666667,9.53319447222222
"FCR",50,2023-04-15,18.2685107638889,17.3010259722222,14.7431452777778,12.7551957638889,9.92317453472222,8.64431806944445,8.61857418055556,8.62204656944444,8.60142192361111,8.57903380555556,13.9803280555556,13.8304940277778,10.8287412587413,9.69013984615385
"FCR",50,2023-04-16,18.2183629861111,17.5999993055556,15.0028420833333,12.806456875,10.0556269097222,8.67771232638889,8.67085605555556,8.674338,8.65441956944444,8.63235664583333,14.0324352083333,13.9045654166667,11.0165972222222,9.88312495833333
"FCR",50,2023-04-17,16.9949956944444,16.7699536111111,15.378834375,12.8736197916667,10.030040125,8.73662867361111,8.72088030555556,8.72396091666667,8.70396825,8.68234168055556,14.0564452083333,13.9041538194444,10.7369444444444,9.48555555555556
"FCR",50,2023-04-18,16.089909057971,15.8986181884058,15.6513162318841,13.2044597101449,10.1620857898551,8.78033144927536,8.76909056521739,8.77236450724638,8.75178596376812,8.73019053623188,14.1591312403101,13.9702228682171,10.5911627906977,9.05921985815603
"FCR",50,2023-04-19,16.9697142361111,16.5221930555556,15.8698503472222,13.3509277777778,10.4367279166667,8.86256664583333,8.81461421527778,8.81755525,8.7967054375,8.7751186875,14.2078997222222,14.0729554166667,10.5009722222222,8.34104166666667
"FCR",50,2023-04-20,18.484725625,17.7332685416667,16.33794,13.5949263888889,10.4331917430556,8.91294969444444,8.86237695833333,8.863689625,8.84291781944444,8.82109427777778,14.2410168055556,14.1017996527778,10.4619444444444,8.17395834027778
"FCR",50,2023-04-21,18.7331938194444,18.2618161111111,16.3753942361111,13.6949879861111,10.5405528263889,8.9359105625,8.90413770833333,8.90816432638889,8.88866588194444,8.86764795138889,14.324005625,14.1856294444444,10.5079020909091,7.90797204895105
"FCR",50,2023-04-22,18.3053852777778,18.2283365972222,17.1798396527778,13.8322338888889,10.5946412986111,8.95947165277778,8.94442330555555,8.9494906875,8.9299360625,8.9088048125,14.3324753472222,14.1895731944444,10.4451388888889,9.50159723611111
"FCR",50,2023-04-23,17.38567125,17.2455813194444,17.0260117361111,14.2328608333333,10.5621850486111,8.9785554375,8.97826703472222,8.98290799305556,8.96381806944444,8.94304315277778,14.3613892361111,14.18834625,10.1730555069444,9.50541666666667
"FCR",50,2023-04-24,16.9290444285714,16.5904086428571,16.381522,14.3239803571429,10.6625775071429,9.03602573571429,9.01798637142857,9.02185511428571,9.00191581428571,8.98091403571429,14.3682616030534,14.1981853435115,10.3304580152672,8.70790212587413
"FCR",50,2023-04-25,16.1437269444444,15.9891633333333,15.9185979166667,14.298270625,10.7462959791667,9.0641290625,9.05608939583333,9.06039448611111,9.04087045833333,9.01996718055556,14.39296125,14.2386972222222,10.6096527777778,8.91847222222222
"FCR",50,2023-04-26,15.6780846527778,15.4956967361111,15.4660084722222,14.6683740972222,10.7615575,9.08507308333333,9.08866967361111,9.09389581944444,9.07518175,9.05467290277778,14.4289858333333,14.2584140277778,10.8727083333333,10.1471527777778
"FCR",50,2023-04-27,15.6129715972222,15.3983196527778,15.3141717361111,14.6482347916667,10.8478643055556,9.11542896527778,9.11907319444444,9.12422391666667,9.10553318055556,9.084602125,14.41854625,14.2353341666667,10.9999305555556,10.7183333125
"FCR",50,2023-04-28,15.762784375,15.565569375,15.2036429861111,14.3349752083333,10.8758819583333,9.14807489583333,9.14680456944444,9.1530661875,9.13427588194445,9.11321940277778,14.3779311111111,14.2259539583333,10.7359027777778,12.6811111041667
"FCR",50,2023-04-29,16.4137734027778,15.7483034722222,14.9386834722222,13.9253752777778,10.9249427916667,9.18662027777778,9.17484625694444,9.17954599305556,9.16013147222222,9.13942975,14.3079611805556,14.1916906944444,10.948041958042,16.5298601398601
"FCR",50,2023-04-30,17.3006184722222,16.949635,14.9923635416667,13.9136475,10.9024054305556,9.2280233125,9.20116995833333,9.20467207638889,9.18473539583333,9.16340528472222,14.226715,14.1295883333333,11.0938888888889,16.3030555555556
"FCR",50,2023-05-01,15.3062420138889,15.2042204861111,14.8087652083333,13.7819515972222,10.8003142777778,9.26313102083333,9.23448990972222,9.23788005555556,9.21833438194444,9.1974949375,14.1352309722222,14.0788934722222,10.8106944444444,22.8588194444444
"FCR",50,2023-05-02,14.4827384722222,14.3072292361111,14.1350309027778,13.5811908333333,10.7283721597222,9.25662486805555,9.26395138888889,9.26831772916667,9.24893300694444,9.22653960416667,14.1451065277778,13.9832238888889,10.6964583333333,18.5882638888889
"FCR",50,2023-05-03,14.3827036111111,14.3097229166667,14.2766695833333,13.6404279166667,10.8375344930556,9.32148913888889,9.29430155555556,9.2969053125,9.27701526388889,9.25591718055556,13.9280470833333,13.8995370833333,10.78375,15.2025694444444
"FCR",50,2023-05-04,14.6043759722222,14.4674651388889,14.2805053472222,13.7333411111111,11.0736172222222,9.38917989583333,9.32829176388889,9.33092876388889,9.31095210416667,9.28963025,13.765200625,13.8424721527778,10.8214685314685,12.723006979021
"FCR",50,2023-05-05,15.2453125694444,14.7381292361111,14.1072551388889,13.4072972222222,11.0603941111111,9.3923418125,9.36572753472222,9.36889645833333,9.34970429861111,9.32848163888889,13.8256540972222,13.8186495833333,11.0058333333333,12.9456944444444
"FCR",50,2023-05-06,16.7119009722222,15.8565661111111,14.19977,13.2959775,11.1442097916667,9.42002554166667,9.40101257638889,9.40418966666667,9.38506002083333,9.36461256944444,13.8483921527778,13.7909944444444,11.4588888888889,11.80875
"FCR",50,2023-05-07,18.0456097916667,16.982186875,14.34292375,13.3416929166667,11.0974816666667,9.44902672916667,9.43552375694444,9.43880761111111,9.41923609027778,9.39769446527778,13.8227033333333,13.7488578472222,11.7417361111111,12.4125694652778
"FCR",50,2023-05-08,20.0326970714286,17.3679256428571,14.6073230714286,13.4018081428571,11.0875568071429,9.48109039285714,9.46755488571429,9.47167419285714,9.45220115,9.43101938571429,13.8139123664122,13.7264018320611,12.2786153846154,13.3047887323944
"FCR",50,2023-05-09,21.004330625,18.5194470138889,14.7349288194444,13.4125159027778,11.2556087222222,9.53485252083333,9.50286358333333,9.50740669444444,9.48742236111111,9.46684179166667,13.7355403472222,13.6956093055556,12.5683333333333,14.956875
"FCR",50,2023-05-10,20.49367,18.8999321527778,15.1356390972222,13.45746875,11.1405999305556,9.6253880625,9.54022218055556,9.54525633333333,9.52589568055556,9.5054484375,13.4931359027778,13.6669115972222,13.136875,16.1922222222222
"FCR",50,2023-05-11,20.744221875,19.9054359722222,15.4015645833333,13.5121039583333,11.1807990277778,9.58387711805556,9.58050998611111,9.58506696527778,9.56585992361111,9.544795375,13.6960963888889,13.6277170833333,13.7836805555556,19.2605555555556
"FCR",50,2023-05-12,21.6486679166667,20.7037469444444,15.6848889583333,13.5815143055556,11.1694677777778,9.61305436805556,9.61140742361111,9.61778748611111,9.59798447916667,9.57739195138889,13.6190884027778,13.5365558333333,14.2572222222222,24.2036805555556
"FCR",50,2023-05-13,22.891265,20.7920131944444,15.9205061111111,13.5985347916667,11.1489776388889,9.64402239583333,9.64178745833333,9.64712039583333,9.62729724305555,9.60651572222222,13.5473491666667,13.4663092361111,14.920625,31.9083333333333
"FCR",50,2023-05-14,23.324026875,21.5927541666667,16.175076875,13.6485806944444,11.2680088888889,9.67492315277778,9.67040145833333,9.67602203472222,9.65648204861111,9.63615095138889,13.4748416666667,13.398469375,15.8770138888889,34.0465972222222
"FCR",50,2023-05-15,22.1514195138889,21.4185849305556,16.466693125,13.6923553472222,11.1833125902778,9.70033920138889,9.70096930555555,9.70671829166667,9.68716774305556,9.66637180555556,13.4154868055556,13.3426335416667,16.0156944444444,43.7954166666667
"FCR",50,2023-05-16,21.2720763888889,20.772334375,16.5139275,13.6997535416667,11.2005545833333,9.72487091666667,9.72685818055556,9.7323909375,9.7130974375,9.69185190277778,13.3461051388889,13.2523805555556,16.065,50.55875
"FCR",50,2023-05-17,21.9050935416667,21.5368483333333,16.9569872222222,13.7528460416667,11.1856152222222,9.75408023611111,9.75331621527778,9.75911415277778,9.73931082638889,9.71888498611111,13.2298409027778,13.1666729166667,14.6259722222222,35.3983333333333
"FCR",50,2023-05-18,20.9442363888889,20.5310275,17.1972859027778,13.7927385416667,11.285514375,9.7746868125,9.78113619444444,9.78653126388889,9.76679869444444,9.74610799305556,13.14518,13.0679775694444,16.2979861111111,36.9286111111111
"FCR",50,2023-05-19,20.3648995138889,19.9074366666667,17.3335422222222,13.7954804166667,11.3007202083333,9.80423600694444,9.80551204166667,9.81130031944445,9.79215514583333,9.77152804861111,13.0610550694444,12.9863847916667,14.2909027777778,27.8556944444444
"FCR",50,2023-05-20,21.26582625,20.6567040972222,17.5100720833333,13.9294331944444,11.2444897916667,9.82491156944444,9.83121082638889,9.83777190972222,9.8184716875,9.79752070138889,12.967125,12.8665834722222,15.2983333333333,30.4938194444444
"FCR",50,2023-05-21,21.9023832638889,21.1824406944444,18.2861288888889,13.9262321527778,11.2527476388889,9.87442457638889,9.85932119444444,9.86442080555556,9.84468166666667,9.82319663194444,12.78598625,12.7664047222222,12.8927272727273,17.2656643356643
"FCR",50,2023-05-22,21.9118678472222,21.0014571527778,18.1038842361111,14.0122836111111,11.3106881944444,9.88241111111111,9.88930065972222,9.89483773611111,9.8751839375,9.8545759375,12.7816382638889,12.6999361111111,14.3368055555556,20.8835416666667
"FCR",50,2023-05-23,22.0872311805556,21.4947497916667,18.3399752777778,14.0254207638889,11.3042446527778,9.91329361111111,9.91639052777778,9.92199196527778,9.90250754166667,9.88176411805556,12.6547944444444,12.58592125,15.7695138888889,23.0865277777778
"FCR",50,2023-05-24,22.2924270138889,21.3112400694444,18.5699086111111,14.1049753472222,11.331253125,9.93542619444444,9.94201598611111,9.94731499305556,9.92768519444444,9.90741855555556,12.5673124305556,12.5055825694444,15.3844444444444,18.814375
"FCR",50,2023-05-25,21.313165625,21.0463089583333,18.6500504861111,14.1584465972222,11.3501859722222,9.96699513888889,9.96921578472222,9.97360994444444,9.95377670138889,9.93252730555556,12.4263097222222,12.4034317361111,15.6283333333333,19.5202777708333
"FCR",50,2023-05-26,21.2367524305556,20.7251809722222,19.0108538194444,14.2772772916667,11.3814802083333,9.98298463888889,9.99378332638889,9.99928413888889,9.97996732638889,9.95936078472222,12.3742484722222,12.3068247222222,13.4048611111111,13.235625
"FCR",50,2023-05-27,20.4758114583333,20.3998484027778,19.1624970833333,14.3139599305556,11.3590531944444,10.0155922013889,10.0185754861111,10.0241045833333,10.0046389166667,9.98398741666667,12.2698508333333,12.2266245833333,12.8897222222222,13.3043749861111
"FCR",50,2023-05-28,19.4324969444444,19.37341875,19.3031651388889,14.3452915277778,11.4094059027778,10.029138125,10.039458125,10.0456272916667,10.0265456944444,10.0057988819444,12.2122191666667,12.1253634722222,12.4555555555556,15.3808333333333
"FCR",50,2023-05-29,19.1089634027778,18.8735063888889,18.4225218055556,14.3782211805556,11.3802029166667,10.0433140277778,10.0511381944444,10.0528747222222,10.0260625694444,9.98384047916667,12.0928854166667,11.1519013888889,11.8867361111111,17.9264583333333
"FCR",50,2023-05-30,19.5578735416667,18.9659064583333,17.8616151388889,14.4234002083333,11.4423923611111,10.06696125,10.0407707638889,10.0374072916667,9.99991247222222,9.94702359027778,11.8710473611111,10.0050176319444,12.2336111111111,20.7365972222222
"FCR",50,2023-05-31,20.8439766666667,19.1060188194444,17.7973560416667,14.4830731944444,11.4084571527778,10.050439375,10.0618595138889,10.0678125,10.0485539583333,10.0279781944444,11.72878125,11.622155625,12.6256944444444,20.5359722222222
"FCR",50,2023-06-01,21.783108125,19.5488709027778,17.7762047916667,14.4973279166667,11.4411138888889,10.0816236111111,10.0895811111111,10.0957034027778,10.0767304861111,10.0563278472222,11.72662375,11.6616315277778,13.6213194444444,21.4069444444444
"FCR",50,2023-06-02,23.5123864583333,20.3244741666667,17.8893397222222,14.5387759722222,11.4582801388889,10.100540625,10.11193625,10.1185045833333,10.0998186111111,10.0790990277778,11.7028790277778,11.6176992361111,14.709375,22.1094444444444
"FCR",50,2023-06-03,23.6530421527778,21.7794973611111,18.0363693055556,14.6211306944444,11.5335846527778,10.1355313194444,10.1355740277778,10.1410513888889,10.1219427777778,10.1014436111111,11.5919293055556,11.5639122222222,15.1357342657343,22.1558741258741
"FCR",50,2023-06-04,22.4672488194444,21.6082663888889,18.0191950694444,14.6176744444444,11.5313094444444,10.1522497916667,10.1629463194444,10.1686884722222,10.1496083333333,10.1287491666667,11.5490849305556,11.4968952083333,15.6619444444444,29.4025694444444
"FCR",50,2023-06-05,23.1145431944444,21.1181036111111,18.1612268055556,14.6377897222222,11.4899542361111,10.1794854166667,10.1848679861111,10.1904370138889,10.1713672222222,10.1503622222222,11.4817328472222,11.442670625,14.9822916666667,22.5172222291667
"FCR",50,2023-06-06,22.5580759027778,21.6537511111111,18.2307096527778,14.6875832638889,11.5364916666667,10.2039117361111,10.2067467361111,10.2128352083333,10.1939622916667,10.1736159722222,11.3973121527778,11.387014375,15.3817361111111,21.9579166736111
"FCR",50,2023-06-07,22.0631689583333,21.4518799305556,18.2429357638889,14.7178875,11.5615695138889,10.2166004166667,10.2279731944444,10.2343527777778,10.215448125,10.1948427777778,11.3749398611111,11.314510625,16.25,25.9334722222222
"FCR",50,2023-06-08,21.6788720138889,21.1280002083333,19.3949463888889,14.7440459722222,11.577096875,10.2397796527778,10.2506669444444,10.2557836111111,10.2365009027778,10.2159084722222,11.2782228472222,11.2361646527778,13.1561111111111,8.01083333333333
"FCR",50,2023-06-09,21.7695334722222,20.5055684722222,19.1513097916667,14.7053241666667,11.58991375,10.2631617361111,10.272650625,10.2783865972222,10.2596515277778,10.2396024305556,11.1845320138889,11.1550858333333,13.1649305555556,10.1680555555556
"FCR",50,2023-06-10,22.058473125,20.4049947222222,18.6450695138889,14.7754686111111,11.6116470138889,10.2831143055556,10.2936227777778,10.3005047222222,10.2819311111111,10.2613140972222,11.1504230555556,11.0980913194444,13.6265277777778,10.0771527638889
"FCR",50,2023-06-11,22.3313225,20.6337039583333,18.550119375,14.7572853472222,11.5832559722222,10.3079709722222,10.3146603472222,10.3208806944444,10.3024130555556,10.2818714583333,11.0458070138889,11.0320936111111,14.2846527777778,11.9890972430556
"FCR",50,2023-06-12,22.4523441666667,21.4411709027778,18.4410759027778,14.8008627777778,11.6135961805556,10.33044125,10.3342048611111,10.3401954166667,10.3215225694444,10.3007020833333,10.9891744444444,10.9667839583333,14.4811888111888,11.8117482587413
"FCR",50,2023-06-13,22.7295088888889,21.4580418055556,18.4811991666667,14.8103951388889,11.5886529166667,10.35051875,10.3601059027778,10.3658121527778,10.3474638194444,10.3271865972222,10.8909952083333,10.8929854166667,14.3020138888889,9.87222225
"FCR",50,2023-06-14,21.4890295833333,21.2755521527778,18.4804763194444,14.7519648611111,11.6174800694444,10.3666828472222,10.3798658333333,10.3864888888889,10.3674877083333,10.3471510416667,10.8438077777778,10.7990522222222,13.6203472222222,9.44451386805556
"FCR",50,2023-06-15,22.6182544444444,20.4819224305556,18.561295,14.8161132638889,11.6511972222222,10.390044375,10.3982065277778,10.4047835416667,10.3859748611111,10.3659561805556,10.7487505555556,10.7303059027778,12.5100694444444,7.645486125
"FCR",50,2023-06-16,23.4034155555556,21.1375445833333,18.4048152777778,14.8366258333333,11.6625145833333,10.4058203472222,10.4152065972222,10.4221054166667,10.4032073611111,10.3827119444444,10.6727945138889,10.6297804861111,11.7500694375,6.436875
"FCR",50,2023-06-17,23.7130944444444,21.6056366666667,18.7214403472222,14.8421904861111,11.6738811805556,10.4293077777778,10.4386802083333,10.4445534027778,10.425883125,10.4054138194444,10.1686116527778,10.1551124236111,11.5397916458333,6.18347222916667
"FCR",50,2023-06-18,23.3590248611111,21.5904650694444,18.4151727083333,14.9149363194444,11.637660625,10.4454340972222,10.4583260416667,10.4651891666667,10.4468345138889,10.4264697916667,9.71765897916667,9.69804782638889,10.7577777638889,5.11173610416667
"FCR",50,2023-06-19,23.3948478472222,21.5581739583333,18.5076961805556,14.8318474305556,11.7132631944444,10.4691218055556,10.47762125,10.4830291666667,10.4640625694444,10.4429534027778,9.44547526388889,9.45190770833333,10.0933333194444,5.17597222916667
"FCR",50,2023-06-20,22.0990942361111,21.7426125,18.5247788194444,14.8952080555556,11.7001261805556,10.5014129166667,10.4979351388889,10.5038255555556,10.4850651388889,10.4645122222222,9.58159516666667,9.58178497916667,10.3918181468531,5.03216783216783
"FCR",50,2023-06-21,20.9408407638889,20.8762773611111,19.4011257638889,14.9307204861111,11.7329365277778,10.514465625,10.5167150694444,10.5235744444444,10.5052909722222,10.48514125,9.62564517361111,9.59783670833333,11.4072222222222,6.79375
"FCR",50,2023-06-22,19.8774066666667,19.7730420138889,18.7845225,14.8954934027778,11.699574375,10.5236610416667,10.5395647222222,10.5465125694444,10.5280222916667,10.5070908333333,9.62792923611111,9.57804372916667,9.64548609027778,6.01361111111111
"FCR",50,2023-06-23,20.5425031944444,19.2999040972222,18.2164838194444,14.8775225,11.7718856944444,10.5432611805556,10.5587208333333,10.5654902083333,10.5471788194444,10.5261332638889,9.55338064583333,9.50689902083333,7.79111108333333,4.25888888888889
"FCR",50,2023-06-24,23.0953139583333,19.8607201388889,18.1471295138889,14.8952011805556,11.7401545833333,10.5565711111111,10.574066875,10.5806158333333,10.5623608333333,10.5420415277778,9.48896797916667,9.44624919444444,6.73979167361111,3.23375
"FCR",50,2023-06-25,25.05002125,19.8853131944444,18.026589375,14.9622707638889,11.7875418055556,10.57772,10.5915186805556,10.5980774305556,10.5797934722222,10.5590210416667,9.4462765,9.41694877777778,6.234375,2.99
"FCR",50,2023-06-26,24.7358890277778,20.2189770833333,18.0336765972222,14.9388002777778,11.7708658333333,10.6106314583333,10.6104153472222,10.6164297222222,10.5980159722222,10.577575625,9.35602874305556,9.37872080555556,5.51013986713287,3.59328671328671
"FCR",50,2023-06-27,24.6590944444444,20.4701181944444,18.0098207638889,14.9154459027778,11.7964260416667,10.6237208333333,10.6333636805556,10.6390636805556,10.6207933333333,10.6008017361111,9.4484850625,9.44255228472222,4.626,4.34964539007092
"FCR",50,2023-06-28,24.9288299305556,22.0051784027778,18.0587925694444,14.9027382638889,11.7522063194444,10.6404934027778,10.6520509722222,10.6585964583333,10.6404992361111,10.6205294444444,9.48571181944444,9.46141372222222,3.95538461538462,3.48258741258741
"FCR",50,2023-06-29,24.6949941666667,21.5344803472222,17.9162740277778,14.9927660416667,11.8290494444444,10.6574986111111,10.67074875,10.6776268055556,10.6590865277778,10.6387795833333,9.49176963888889,9.46700249305556,3.25636363636364,2.75706293706294
"FCR",50,2023-06-30,25.8468710416667,21.4914130555556,17.9769115972222,14.9107735416667,11.828485,10.6734993055556,10.6877363888889,10.6945457638889,10.6766671527778,10.6567972916667,9.50401446527778,9.46350359027778,2.65602836879433,2.55617021276596
"FCR",50,2023-07-01,27.0509651388889,21.6212628472222,17.994675625,14.9443039583333,11.8164897916667,10.7011252777778,10.7048295138889,10.7108371527778,10.6931611111111,10.6728113888889,9.40041230555556,9.4223176875,2.29875,3.11277777777778
"FCR",50,2023-07-02,28.2912991666667,21.8281000694444,17.9566858333333,14.9234556944444,11.8879141666667,10.7104125694444,10.7231484027778,10.7293630555556,10.7116902083333,10.6918499305556,9.44236555555556,9.40405777083333,1.74062937062937,3.16713286713287
"FCR",50,2023-07-03,27.7349377083333,22.1124728472222,17.94177,14.9444338888889,11.8711054166667,10.7280634027778,10.7417436805556,10.7482456944444,10.73040625,10.7104259722222,9.41796406944444,9.38140799305556,1.50507042253521,3.35485915492958
"FCR",50,2023-07-04,28.4463917361111,22.2228842361111,18.0250354861111,14.9418154166667,11.8628720138889,10.7501185416667,10.759949375,10.7657450694444,10.7479565277778,10.7271236805556,9.37122156944444,9.35821585416667,0.860909090909091,2.97678322377622
"FCR",50,2023-07-05,28.2524315277778,23.0470452777778,17.933633125,14.9283130555556,11.9116401388889,10.7707528472222,10.7794506944444,10.7863183333333,10.7690315277778,10.74924625,9.37429610416667,9.35702419444444,0.443263888888889,2.59618055555556
"FCR",50,2023-07-06,28.385295625,22.8724359027778,18.0404388194444,14.91538,11.8926402777778,10.789535625,10.7990888194444,10.8049611805556,10.7873002777778,10.7673136111111,9.34500423611111,9.33036574305556,0.355555555555556,4.00601851851852
"FCR",50,2023-07-07,28.8946239583333,23.6223641666667,18.0338769444444,14.9204577083333,12.0070558333333,10.8128932638889,10.8190938194444,10.8251179861111,10.80726625,10.7868088194444,9.27879840277778,9.27333849305556,0.309154929577465,3.77507042253521
"FCR",50,2023-07-08,27.7673260416667,23.4529122222222,18.0591589583333,14.9989038194444,11.9457794444444,10.8284345138889,10.8405285416667,10.8469736111111,10.8295654861111,10.8091183333333,9.33845280555555,9.28936174305556,0.00802816901408451,4.66676057042254
"FCR",50,2023-07-09,26.6668641666667,24.6387740972222,18.1908513194444,14.9184068055556,11.9794844444444,10.8484559722222,10.8591548611111,10.8656609722222,10.8480932638889,10.8282115972222,9.30310020833333,9.26014083333333,0.00104166666666667,4.38083334027778
"FCR",50,2023-07-10,27.0135782307692,24.8539395384615,18.1871497692308,15.0131743846154,11.9587570769231,10.8671519230769,10.8771146923077,10.8827227692308,10.8650329230769,10.8452964615385,9.25153329752066,9.2747587107438,0,3.43285714285714
"FCR",50,2023-07-11,27.2948232638889,24.84277125,18.1983860416667,15.0329127083333,12.03128125,10.8827418055556,10.8931072916667,10.8986073611111,10.8817175,10.8617961111111,9.2320686875,9.26033136805555,0.00285714285714286,4.6583453381295
"FCR",50,2023-07-12,26.8171772916667,24.4188720138889,18.3645827777778,15.0653621527778,11.9847663194444,10.9003463194444,10.9099792361111,10.9150258333333,10.8977785416667,10.8780414583333,9.17503889583333,9.21788264583333,0.0050354609929078,8.11531914184397
"FCR",50,2023-07-13,26.4975221621622,25.1707898198198,18.2863569369369,14.9334564864865,12.1200508108108,10.9289018018018,10.9289134234234,10.9344545945946,10.9176027927928,10.8979421621622,9.14910330392157,9.15693755882353,0.0677227722772277,13.33168
"FCR",50,2023-07-14,26.4094123611111,24.4870913194444,18.5611509027778,15.0774117361111,12.0543594444444,10.972358125,10.9594720138889,10.9627665972222,10.9456659722222,10.9256735416667,8.94282153472222,9.10943759027778,0.00395833333333333,14.6141666597222
"FCR",50,2023-07-15,27.1460076388889,24.9226099305556,18.7016008333333,15.0010202083333,12.0842404861111,10.9805670138889,10.9815946527778,10.9868920833333,10.970306875,10.95058625,8.98998343055556,9.02358222916667,0.139375,14.6013888958333
"FCR",50,2023-07-16,28.1601028472222,25.8804510416667,18.8632009027778,15.0115578472222,12.0774920138889,11.0059627777778,11.0081295833333,11.0132575694444,10.9966397916667,10.977501875,8.88224315972222,8.95271379166667,1.22458333333333,16.741736125
"FCR",50,2023-07-17,27.3545216541353,26.5129369924812,19.2329832330827,15.1792192481203,12.1634411278195,11.0257785714286,11.0307447368421,11.0366010526316,11.0192303007519,10.9996169924812,8.78095664761905,8.84893187619048,2.6630701754386,14.5639416058394
"FCR",50,2023-07-18,27.6423551388889,26.0832828472222,19.9688638194444,15.2893465972222,12.2250570138889,11.0403095833333,11.0483501388889,11.0553154166667,11.0379095138889,11.0175145833333,NA,NA,4.05636363636364,13.6077622027972
"FCR",50,2023-07-19,27.6733788194444,26.4024746527778,20.2238370833333,15.33933125,12.2726052777778,11.05767,11.0676280555556,11.0737624305556,11.0561201388889,11.0369586805556,NA,NA,4.45181818181818,13.7748951048951
"FCR",50,2023-07-20,27.377926875,26.4803195138889,20.401945,15.4834806944444,12.3218523611111,11.0816782638889,11.085660625,11.0914593055556,11.0744861805556,11.0553229166667,8.48964549152542,8.53890481355932,4.87676056338028,14.541760556338
"FCR",50,2023-07-21,27.2685405555556,26.7004906944444,20.8891475,15.5397252083333,12.2574021527778,11.0978399305556,11.1036456944444,11.108913125,11.0914185416667,11.0717427777778,8.39664769444444,8.41083550694444,5.30034965034965,16.5366433566434
"FCR",50,2023-07-22,25.9877198611111,25.6969440972222,20.9791408333333,15.6335234027778,12.3631330555556,11.1123888194444,11.121491875,11.1268575694444,11.108831875,11.0882724305556,8.22744479166667,8.23760045454545,5.55138888888889,18.9670833333333
"FCR",50,2023-07-23,25.4848074305556,24.8828623611111,21.24652125,15.7280572222222,12.32729625,11.1286054166667,11.1374234722222,11.1424346527778,11.1257670138889,11.1064705555556,8.1713422,8.1639983,5.5020979020979,17.181958041958
"FCR",50,2023-07-24,26.4504295833333,24.7759465833333,21.4681335833333,15.8357935833333,12.40620125,11.1464206666667,11.1514976666667,11.1576535833333,11.14017525,11.12005975,7.84704497727273,NA,5.48324324324324,14.406328125
"FCR",50,2023-07-25,27.0311145138889,25.3959284027778,21.7450351388889,15.9507158333333,12.3245936805556,11.1503748611111,11.1672565277778,11.1744019444444,11.1562209027778,11.1367845833333,7.80629822916667,NA,5.61591549295775,14.6504929577465
"FCR",50,2023-07-26,26.953053125,25.9383686805556,21.9048284722222,16.1563578472222,12.3716743055556,11.1687258333333,11.1826058333333,11.1901803472222,11.1727033333333,11.1523859027778,7.54088529166667,NA,5.93608391608392,18.3579020979021
"FCR",50,2023-07-27,28.4422098611111,26.6406477083333,22.2723040277778,16.2695449305556,12.3967968055556,11.1873029166667,11.1963484027778,11.2023119444444,11.1847986805556,11.1660177083333,7.33202796527778,NA,6.69604166666667,25.1810416666667
"FCR",50,2023-07-28,28.4978296969697,27.5587953030303,22.3675592424242,16.5094943181818,12.464398030303,11.2011509090909,11.2114454545455,11.2184867424242,11.2015090151515,11.1818563636364,7.12571780487805,7.14013101886792,7.48991804098361,31.4615671641791
"FCR",50,2023-07-29,28.1837163194444,27.3804876388889,22.6499221527778,16.5540733333333,12.500058125,11.2220098611111,11.2295934722222,11.2364895138889,11.2198478472222,11.1995742361111,6.96968111805556,7.02821452083333,7.58124997916667,32.2364583333333
"FCR",50,2023-07-30,28.2557459722222,27.5570675,22.9542960416667,16.5933447222222,12.6394277777778,11.2438978472222,11.247580625,11.2545132638889,11.2379454861111,11.2172707638889,6.83199659722222,6.89986922916667,7.94222227777778,34.0328472222222
"FCR",50,2023-07-31,27.9205255725191,27.0463435877863,23.3043038167939,16.8098378625954,12.644893740458,11.2602832061069,11.2679809160305,11.2736102290076,11.256405648855,11.2362674045802,6.70118046721311,6.78301283606557,7.85157025619835,37.3147328244275
"FCR",50,2023-08-01,27.5299313194444,26.8738035416667,23.5947088194444,17.1166474305556,12.8328309027778,11.3040208333333,11.2882978472222,11.2923309027778,11.2747195833333,11.2547411805556,6.44325213888889,6.71388254861111,7.60251751048951,33.2765034965035
"FCR",50,2023-08-02,26.4640595138889,26.1733727083333,23.9041090277778,17.3080771527778,12.78957,11.3045340277778,11.3020352083333,11.3079931944444,11.2907134027778,11.270680625,6.43149215972222,6.56108140972222,8.41222222222222,35.4233333333333
"FCR",50,2023-08-03,25.2452951388889,25.2140014583333,23.4689017361111,17.3043180555556,12.8700086805556,11.3155559722222,11.3178834027778,11.3235395138889,11.3061165972222,11.2861389583333,6.23400152777778,6.38275879166667,5.78718309859155,28.5838732394366
"FCR",50,2023-08-04,25.4164522222222,24.3951746527778,23.7204992361111,17.3696098611111,12.8947118055556,11.3347267361111,11.3320161805556,11.3373256944444,11.3197525694444,11.3000527083333,6.03395552083333,6.20253459027778,6.35862745098039,28.9356862745098
"FCR",50,2023-08-05,27.3293267361111,25.0022643055556,23.5556936805556,17.5387383333333,12.9425124305556,11.3575189583333,11.3458002777778,11.3505392361111,11.3331581944444,11.3137386111111,5.85878689583333,6.06546031944444,NA,NA
"FCR",50,2023-08-06,26.3173386111111,25.3308163888889,23.4403839583333,17.7178031944444,12.9423866666667,11.3817322916667,11.3607655555556,11.3659406944444,11.3486951388889,11.3288994444444,5.71114649305556,5.96109765277778,NA,NA
"FCR",50,2023-08-07,25.8084596376812,25.3282463768116,23.5339532608696,17.7425129710145,13.0080239855072,11.3928891304348,11.3776057246377,11.3825110144928,11.3650645652174,11.3452602173913,5.69715341085271,5.91282462790698,NA,NA
"FCR",50,2023-08-08,26.198148125,25.8778599305556,24.1926082638889,17.7953345138889,13.0909799305556,11.4092880555556,11.3943840972222,11.398941875,11.3815010416667,11.3615480555556,5.65789700694444,5.85090661805556,NA,NA
"FCR",50,2023-08-09,26.0684157638889,25.2230670833333,24.2228746527778,17.9347680555556,13.1063984027778,11.4325010416667,11.4106607638889,11.4157649305556,11.3987079861111,11.3786756944444,5.53407597222222,5.79436202083333,4.12714287912088,25.649010989011
"FCR",50,2023-08-10,25.3009645833333,25.1121311805556,23.9728539583333,18.0384709027778,13.1272973611111,11.4353924305556,11.4271122222222,11.4325427777778,11.4153788194444,11.3954297916667,5.52764013194444,5.75264631944444,3.03167832167832,22.6961538461538
"FCR",50,2023-08-11,26.2032263194444,24.6055695138889,23.8943234027778,18.0985506944444,13.2045786805556,11.4529152083333,11.4414949305556,11.4462993055556,11.4291018055556,11.4089463194444,5.43855397916667,5.63464403472222,3.21937500694444,21.19875
"FCR",50,2023-08-12,26.7587135416667,25.3045839583333,23.8284716666667,18.3033321527778,13.1870425694444,11.4629902777778,11.4542715277778,11.4592728472222,11.442420625,11.4227929861111,5.38211185416667,5.55306061111111,3.11783216783217,19.0851048951049
"FCR",50,2023-08-13,27.2363239583333,26.223948125,24.1111504166667,18.2664724305556,13.3243556944444,11.4973963194444,11.4706264583333,11.4754088888889,11.4583352777778,11.4381656944444,5.22142839583333,5.48745324305556,4.00513888888889,19.3722222222222
"FCR",50,2023-08-14,26.882033125,26.2209263194444,23.9159577777778,18.5132078472222,13.2270704861111,11.5344634027778,11.4883921527778,11.4930961805556,11.4759003472222,11.4557353472222,5.00621304861111,5.40728607638889,2.53625,17.7586805555556
"FCR",50,2023-08-15,26.8563108333333,26.2955745833333,24.0586458333333,18.4886958333333,13.3587635416667,11.5158163888889,11.5033588888889,11.5093609027778,11.4923527777778,11.4721647916667,5.1166331875,5.3009358125,2.5575,18.5384027777778
"FCR",50,2023-08-16,26.5872179861111,25.8196147222222,24.6392827777778,18.5366688194444,13.4245213888889,11.5312338888889,11.5209065277778,11.5261343055556,11.5091290972222,11.4892671527778,5.01905925,5.20577590277778,4.89387323943662,18.8477464788732
"FCR",50,2023-08-17,25.9792430555556,25.453069375,24.3469438888889,18.7795814583333,13.3921341666667,11.5476131944444,11.5360555555556,11.5414238194444,11.5245467361111,11.5043392361111,4.89752402083333,5.09764138194444,4.16647888732394,21.3642957746479
"FCR",50,2023-08-18,26.5372745833333,26.0747407638889,24.2934222222222,18.768193125,13.4674048611111,11.5835676388889,11.5534077777778,11.558454375,11.5412977083333,11.5214120833333,4.75537411805556,4.99839984027778,4.86263888888889,21.6069444444444
"FCR",50,2023-08-19,25.7369435416667,25.1943025,24.4713302083333,18.8433300694444,13.5591777777778,11.5981935416667,11.5706572916667,11.5755189583333,11.5585993055556,11.5385211111111,4.65346710416667,4.91836305555556,7.12458331944444,20.8188194444444
"FCR",50,2023-08-20,25.9597275694444,24.8790509027778,23.9992693055556,19.0024634722222,13.5403388194444,11.6111671527778,11.5891383333333,11.5945118055556,11.5777834027778,11.5582772916667,4.62573261805556,4.85507734722222,5.70181823076923,21.0943356643357
"FCR",50,2023-08-21,27.07982875,25.502708125,24.0068055555556,18.9944233333333,13.63360875,11.6459938888889,11.6073845833333,11.6118318055556,11.5945511111111,11.5742490972222,4.43564255555556,4.74784986111111,5.8406993006993,22.4356643356643
"FCR",50,2023-08-22,27.141348125,26.4310692361111,24.1268678472222,19.0925520138889,13.6785759027778,11.6692931944444,11.6105801388889,11.61029625,11.5878572222222,11.5609322916667,4.17759956944444,4.07180178472222,5.27076921678322,22.1112587412587
"FCR",50,2023-08-23,26.2563331944444,25.7375286111111,24.0931013888889,19.2776015972222,13.6725394444444,11.6700322222222,11.6246749305556,11.6300032638889,11.6129942361111,11.5924949305556,4.12257865277778,4.30633925694444,4.85846153846154,21.5102797202797
"FCR",50,2023-08-24,26.8275613194444,25.5981395833333,24.190509375,19.1905807638889,13.7768754861111,11.6973320833333,11.6438809027778,11.6479217361111,11.6305857638889,11.6101404166667,4.04947010416667,4.33555453472222,4.17340277777778,20.3682638888889
"FCR",50,2023-08-25,26.7889432638889,25.8531170833333,24.4152891666667,19.2728894444444,13.8224841666667,11.7150261805556,11.6590338194444,11.6629140277778,11.6457283333333,11.6256367361111,4.01381886805556,4.28443729861111,4.46881945138889,19.6104861111111
"FCR",50,2023-08-26,27.5303419444444,26.4422183333333,24.2593184722222,19.2708007638889,13.873940625,11.7209809722222,11.6742781944444,11.6787703472222,11.6620859027778,11.6419303472222,4.03540875,4.25602969444444,2.808125,15.7195833333333
"FCR",50,2023-08-27,27.1650899305556,26.443046875,24.1466875694444,19.3727379166667,13.8446717361111,11.7293894444444,11.6886279861111,11.692998125,11.6760711805556,11.6556609722222,4.0451823125,4.17466715277778,1.77888111888112,13.0581118881119
"FCR",50,2023-08-28,26.0380686111111,25.8261705555556,24.1752730555556,19.2655673611111,13.9760168055556,11.7312458333333,11.701131875,11.7061547222222,11.6895490972222,11.6694181944444,4.03274161111111,4.13463354166667,1.06929078014184,14.1607091985816
"FCR",50,2023-08-29,25.2455345833333,25.0871432638889,24.2183270833333,19.2946758333333,13.95562875,11.7389470138889,11.7135318055556,11.7186295833333,11.7018694444444,11.6814839583333,4.0287363125,4.10200097916667,0.566083916083916,16.6020978601399
"FCR",50,2023-08-30,25.1618407638889,25.0922388888889,24.7541211805556,19.5342390277778,13.9693282638889,11.7756440277778,11.7250938194444,11.7305005555556,11.7136427083333,11.6933213888889,3.87940359722222,4.02579754166667,6.81055557638889,15.5313888888889
"FCR",50,2023-08-31,24.7808889583333,24.4834127777778,23.6138128472222,21.3356911805556,14.0732265972222,11.8419893055556,11.7424060416667,11.7465259027778,11.7292058333333,11.7094627777778,3.656355875,4.063762125,7.57716313475177,12.8664539007092
"FCR",50,2023-09-01,24.2110424305556,23.7247221527778,23.0558453472222,20.2952443055556,14.17501875,11.8229988888889,11.7591240277778,11.7644751388889,11.7477597916667,11.7273505555556,3.80580686111111,4.05269629861111,6.95972222916667,12.5656249861111
"FCR",50,2023-09-02,24.7978980555556,23.5491802083333,22.8953625,20.442335,14.1587517361111,11.8654800694444,11.7779945138889,11.7814026388889,11.7647496527778,11.7447379166667,3.62982138194444,4.06487558333333,6.80041666666667,11.5720833333333
"FCR",50,2023-09-03,25.5067764583333,24.2077048611111,23.0925286805556,20.3928288888889,14.2168692361111,11.8905065277778,11.7922152777778,11.7958447222222,11.7789667361111,11.7589271527778,3.52706178472222,4.02062292361111,7.21510488111888,11.1534964965035
"FCR",50,2023-09-04,26.3861967361111,25.0619174305556,23.1849808333333,20.3163130555556,14.2681839583333,11.8771697916667,11.8051509722222,11.8100499305556,11.7935165972222,11.7732827083333,3.68661077083333,3.94054061111111,8.05243058333333,10.9293750277778
"FCR",50,2023-09-05,27.079206119403,25.6012570149254,23.2582279850746,20.3483556716418,14.3261702985075,11.9193508208955,11.8218882089552,11.825665,11.8087125373134,11.7885098507463,3.491474648,3.907306632,8.012240016,10.38558825
"FCR",50,2023-09-06,27.7521509722222,25.7666147916667,23.3018773611111,20.3363449305556,14.3938940972222,11.9378147222222,11.8366079861111,11.8398349305556,11.8235269444444,11.8037303472222,3.49973036111111,3.86384903472222,7.36319445833333,10.4761111041667
"FCR",50,2023-09-07,26.3749230555556,26.00370125,23.4984483333333,20.2544124305556,14.4251894444444,11.9310942361111,11.8518095138889,11.8553904861111,11.8391402777778,11.8195126388889,3.50747075694444,3.82830957638889,7.61895831944444,11.2140972013889
"FCR",50,2023-09-08,25.7038295833333,25.1750077777778,23.8858015972222,20.1929979861111,14.525469375,12.0324847222222,11.8716463888889,11.8744827083333,11.8574976388889,11.8372013194444,3.046977,3.83966278472222,7.22174826573427,9.87104895804196
"FCR",50,2023-09-09,25.2380629166667,25.0648705555556,23.8447809722222,20.2260278472222,14.5479238194444,11.9939053472222,11.8889006944444,11.8916340277778,11.8751153472222,11.8550911111111,3.22187393055556,3.79420713888889,6.58152777083333,10.1793055694444
"FCR",50,2023-09-10,24.4329229166667,24.3045454861111,24.0880641666667,20.177849375,14.5874236805556,12.0251048611111,11.9072827777778,11.9103049305556,11.8934886111111,11.8731479861111,3.165533875,3.73756016666667,4.98398601398601,8.71293702097902
"FCR",50,2023-09-11,24.7003669444444,24.0355840972222,23.4830898611111,20.1940115972222,14.6635896527778,12.0389453472222,11.9198306944444,11.9228540972222,11.9065911805556,11.8858525694444,3.13508751388889,3.61646652083333,7.22437497916667,9.28798611111111
"FCR",50,2023-09-12,24.2326218055556,23.8586657638889,23.3884577777778,20.1448738194444,14.7366654166667,12.08116,11.9345877777778,11.9381519444444,11.9215941666667,11.9012643055556,2.87320816666667,3.59620658333333,6.35335666433566,8.89755244055944
"FCR",50,2023-09-13,24.6403553472222,23.9463331944444,23.2713404166667,20.3339225694444,14.7644539583333,12.1068154166667,11.95309625,11.9557301388889,11.9389382638889,11.9187527083333,2.96591415972222,3.61789053472222,6.10839161538462,9.05496501398601
"FCR",50,2023-09-14,24.3540394444444,23.9410689583333,23.1743103472222,20.3502839583333,14.8306722222222,12.1497601388889,11.9708161805556,11.9728953472222,11.9554747916667,11.9359550694444,2.65296099305556,3.57954981944444,6.23643356643357,8.38391607692308
"FCR",50,2023-09-15,23.7159947916667,23.3147150694444,22.8113829166667,20.3848495833333,14.8680364583333,12.160813125,11.9882722916667,11.9896170833333,11.9726999305556,11.9522975,2.60819059027778,3.50532152777778,7.47069931468531,8.33188816083916
"FCR",50,2023-09-16,23.6228375,22.7388590277778,22.3670072222222,20.4548729166667,14.8937752083333,12.146478125,12.0030471527778,12.0062265277778,11.9891429861111,11.9691307638889,2.86535334027778,3.4852716875,7.7506993006993,8.16265737762238
"FCR",50,2023-09-17,22.6114338194444,22.2834875,22.101944375,20.5430198611111,14.9577139583333,12.1595735416667,12.0190931944444,12.0219783333333,12.0055761111111,11.9853011805556,2.74586972222222,3.40594494444444,6.14657342657343,8.71272729370629
"FCR",50,2023-09-18,22.019295,21.7941546527778,21.6226065972222,21.0834940972222,14.99705,12.1847161111111,12.0344897916667,12.0366054166667,12.020513125,11.9999574305556,2.66510784027778,3.34858977777778,7.42426573426573,9.76510492307692
"FCR",50,2023-09-19,21.9260527777778,21.3416302777778,20.9625577083333,20.5631167361111,15.0122728472222,12.2112417361111,12.0522229166667,12.0541979861111,12.0381024305556,12.019091875,2.72774240277778,3.32884936111111,7.30804195804196,8.87048946153846
"FCR",50,2023-09-20,22.0144327083333,21.3703631944444,20.7310270833333,20.1219298611111,15.1484886805556,12.2251858333333,12.06917625,12.0708631944444,12.0536425694444,12.0343251388889,2.65266541666667,3.29596638194444,6.80083916783217,8.98818183216783
"FCR",50,2023-09-21,22.2852390972222,21.4524861111111,20.7262603472222,20.0051611111111,15.1886254166667,12.2557346527778,12.080829375,12.0833424305556,12.067815,12.0490429166667,2.63070251388889,3.21165167361111,6.67328671328671,7.9488810979021
"FCR",50,2023-09-22,21.623048125,21.4735702083333,20.8818002777778,19.9367034027778,15.3083766666667,12.2148164583333,12.0926680555556,12.0965769444444,12.0814833333333,12.0629954861111,2.79458880555556,3.13038197222222,7.12489513286713,8.50489511888112
"FCR",50,2023-09-23,19.8208559027778,19.7740213888889,19.8510110416667,19.839949375,19.2191463194444,12.3740535416667,12.1145629166667,12.1135298611111,12.0968327777778,12.0768520138889,2.14457757638889,3.17269695138889,8.37319444444444,8.78472219444444
"FCR",50,2023-09-24,19.8931951388889,18.8025220833333,18.5316772916667,18.460646875,18.0693541666667,12.3238619444444,12.1317722916667,12.1332091666667,12.1169345138889,12.0971323611111,2.39429409027778,3.18234182638889,6.30493055555556,8.74152777083333
"FCR",50,2023-09-25,19.9084204166667,19.329569375,18.5219940277778,18.2882964583333,17.4829472916667,12.3229434722222,12.1459268055556,12.1486340972222,12.1324579166667,12.1123184027778,2.57791209722222,3.15129938888889,5.42992957746479,7.08239433098592
"FCR",50,2023-09-26,19.3409397222222,19.0845692361111,18.7116926388889,18.3121781944444,17.1949069444444,12.3677595138889,12.1585747222222,12.1619078472222,12.1460003472222,12.1261264583333,2.55603144444444,3.13721613194444,5.78631946527778,8.20972220833333
"FCR",50,2023-09-27,18.6699895833333,18.5598055555556,18.5659711805556,18.2730213888889,17.1788929166667,12.4999578472222,12.1737175694444,12.1754432638889,12.1594360416667,12.1394410416667,2.34206690972222,3.12559403472222,6.2290908951049,7.77377623076923
"FCR",50,2023-09-28,18.8557272222222,18.4064338888889,18.2834495138889,18.2095263888889,17.0079947222222,12.4760313888889,12.1890638194444,12.1908369444444,12.17454875,12.154605,2.60987180555556,3.23548728472222,6.86527777777778,8.35458338194444
"FCR",50,2023-09-29,20.0580395138889,18.7747134027778,18.3861636111111,18.1805479861111,17.0063953472222,12.5407838888889,12.2020742361111,12.203734375,12.187679375,12.1676011805556,2.46205167361111,3.24542996527778,7.25859155633803,8.05957745070423
"FCR",50,2023-09-30,21.1261329166667,19.8527265277778,18.4279378472222,18.1515105555556,16.8616061111111,12.7077720138889,12.2188027777778,12.2193782638889,12.2029482638889,12.1833317361111,2.13133197916667,3.28997477083333,7.0727971958042,11.9895104685315
"FCR",50,2023-10-01,21.0300178472222,20.5338086111111,18.6488886805556,18.1819903472222,16.7770174305556,12.7779804861111,12.2386713888889,12.2378959027778,12.2212888194444,12.2015295833333,1.855959375,3.36495598611111,7.71141846808511,18.0664539148936
"FCR",50,2023-10-02,21.2821459722222,20.2434446527778,18.9236220138889,18.196010625,16.7038784722222,12.9113576388889,12.2600511111111,12.2588719444444,12.2417909027778,12.2214411805556,1.55479576388889,3.47382292361111,8.30472224305556,26.7891666666667
"FCR",50,2023-10-03,21.3531807633588,20.6213711450382,19.0550308396947,18.2323047328244,16.6723776335878,12.8770148091603,12.2802881679389,12.2799796946565,12.2628909160305,12.2436692366412,1.66602476923077,3.59641892307692,8.76349996666667,17.7302380793651
"FCR",50,2023-10-04,21.5266302777778,20.5581079166667,19.2243493055556,18.2928429861111,16.6634986805556,12.84074,12.2976606944444,12.2980192361111,12.2816365972222,12.26238375,1.93360757638889,3.64768699305556,9.64581557446808,13.4487234042553
"FCR",50,2023-10-05,20.6094906944444,20.3095897222222,19.4873833333333,18.3217363888889,16.5777096527778,12.9454001388889,12.3171488888889,12.3163104166667,12.2998790277778,12.2800359027778,1.61294070138889,3.66705431944444,8.69531917021277,13.3672340425532
"FCR",50,2023-10-06,20.7690544444444,20.0470015277778,19.7131220138889,18.3595856944444,16.5712510416667,12.9467648611111,12.3370402777778,12.3360714583333,12.3193852777778,12.2998654166667,1.9618761875,3.76958570833333,8.66666662411347,13.1470921985816
"FCR",50,2023-10-07,20.22493125,20.1215288888889,19.91278875,18.9598167361111,16.4738497916667,13.08082,12.3593556944444,12.3547072222222,12.3385457638889,12.3190170138889,1.424379125,3.82442042361111,8.8200709787234,10.8824113687943
"FCR",50,2023-10-08,18.4480953472222,18.3671073611111,18.3473354166667,18.2158770833333,16.6879560416667,13.1369344444444,12.3830239583333,12.3781885416667,12.3619282638889,12.3421285416667,1.44614880555556,3.95467565972222,7.11914891489362,11.923829787234
"FCR",50,2023-10-09,17.2859868055556,17.18429375,17.2282320833333,17.1893123611111,16.9042356944444,13.2527125,12.4112217361111,12.4034845833333,12.3866768055556,12.3671347916667,0.953161027777778,4.05138731944444,6.67352112676056,13.1276056338028
"FCR",50,2023-10-10,17.0652013888889,16.8185813888889,16.6786710416667,16.5548471527778,16.3988097916667,13.23935,12.4295743055556,12.4269529166667,12.4103240972222,12.3907828472222,0.758138013888889,4.12921626388889,6.74290780141844,12.5948226950355
"FCR",50,2023-10-11,16.8308054861111,16.6743320138889,16.6283799305556,16.5326569444444,16.209670625,13.2918033333333,12.4493255555556,12.4460314583333,12.4301354861111,12.4105402083333,0.776490173611111,4.03971185416667,7.33255319148936,10.8926950425532
"FCR",50,2023-10-12,17.3978639583333,16.6768171527778,16.3340895138889,16.2865023611111,16.081334375,13.3851548611111,12.4689992361111,12.4656123611111,12.4495347916667,12.4297900694444,0.705576326388889,3.83085548611111,7.40056737588653,11.4143971560284
"FCR",50,2023-10-13,17.5399473611111,17.0406322916667,16.4958793055556,16.2286928472222,15.9856435416667,13.3980284027778,12.4858870138889,12.4840575,12.4682942361111,12.4486391666667,0.969559118055556,3.72554061805556,7.31099290780142,12.0586524680851
"FCR",50,2023-10-14,17.287696875,16.9556280555556,16.6048488888889,16.3156852777778,15.94691,13.5617575694444,12.5127438194444,12.5060892361111,12.489471875,12.4698066666667,0.798111673611111,3.69436426388889,7.50964792253521,13.305422528169
"FCR",50,2023-10-15,16.6719631944444,16.6069848611111,16.6599817361111,16.5829530555556,16.1696313888889,13.8397342361111,12.5384634722222,12.5299661805556,12.5129297222222,12.4923622916667,0.4796146875,3.65880652083333,8.64567376595745,13.0577857142857
"FCR",50,2023-10-16,16.0759300694444,15.9843877777778,16.0047659027778,15.9385967361111,15.7563166666667,14.1142073611111,12.5637659027778,12.5553979166667,12.5382553472222,12.5183399305556,0.461355784722222,3.60725694444444,8.34829783687943,13.3362411347518
"FCR",50,2023-10-17,15.4297333566434,15.3638581118881,15.4111843356643,15.3844444055944,15.2495846853147,14.7420813286713,12.5880327972028,12.5784556643357,12.561713986014,12.5413670629371,3.79734224475524,3.59927612587413,8.24764282142857,13.7196428571429
"FCR",50,2023-10-18,15.2218306944444,14.9489271527778,14.9387895138889,14.8753705555556,14.7525461111111,14.5568799305556,12.6170436111111,12.6039215972222,12.5865543055556,12.567735,5.3690849375,3.92837716666667,8.23612673239437,13.8068309788732
"FCR",50,2023-10-19,15.027954375,14.8696463888889,14.8853682638889,14.8336417361111,14.6261072222222,14.3176896527778,12.6591633333333,12.6299088888889,12.6118047916667,12.5934186805556,5.35776309027778,4.11333366666667,8.72567375886525,13.7817730496454
"FCR",50,2023-10-20,14.9570592361111,14.8750529166667,14.9233930555556,14.8173116666667,14.5958127777778,14.1895152777778,12.7337255555556,12.6646144444444,12.6449002777778,12.6258718055556,4.84979566666667,4.32374522222222,8.9536879858156,16.4036879432624
"FCR",50,2023-10-21,14.8189195138889,14.6373975694444,14.61124375,14.5634997916667,14.4668276388889,14.2492255555556,12.7486665972222,12.6984458333333,12.6798752083333,12.6609726388889,5.91106761111111,4.59690147916667,9.11056736170213,18.3136879432624
"FCR",50,2023-10-22,14.6562795138889,14.5288129166667,14.5366429166667,14.4983729861111,14.3880375694444,14.3589043055556,12.8385906944444,12.7333525694444,12.7135861805556,12.6937758333333,8.685045625,4.803240875,9.69730495035461,18.5270921985816
"FCR",50,2023-10-23,14.5807115277778,14.1638713888889,14.0881425,14.0250672916667,13.8911458333333,13.8504281944444,13.2956934722222,12.7865354166667,12.7594404861111,12.7385039583333,8.46151988888889,5.17592595833333,9.59723403546099,17.2009928865248
"FCR",50,2023-10-24,14.1606403597122,13.9042101438849,13.9102672661871,13.8637322302158,13.6772010791367,13.5799641726619,13.2081797841727,12.853032733813,12.821789352518,12.8016900719424,8.45784393846154,5.81264193076923,10.179014056338,18.5281690140845
"FCR",50,2023-10-25,14.385861875,13.9702134722222,13.9375727777778,13.7939165277778,13.59358625,13.5068254861111,13.1523890972222,12.9132657638889,12.8828911111111,12.8612276388889,8.12818161805555,6.32723991666667,10.636524822695,19.2022695035461
"FCR",50,2023-10-26,15.0850346527778,14.4719517361111,14.087630625,13.735605,13.5643210416667,13.4854925,13.1160733333333,12.9570543055556,12.93129375,12.9103744444444,7.72400053472222,6.69762672222222,10.8204964609929,20.0875177304965
"FCR",50,2023-10-27,15.8489586805556,15.0097730555556,14.0585554861111,13.7891919444444,13.5996204861111,13.46625125,13.085615,12.9928324305556,12.9716534722222,12.9509133333333,7.49194048611111,6.91310531944444,10.5989361702128,22.8379432624113
"FCR",50,2023-10-28,17.5620321527778,15.6133447916667,14.1058310416667,13.8191986111111,13.594068125,13.4355999305556,13.0780302777778,13.0226229166667,13.0036365972222,12.9833516666667,7.21911138888889,7.09363230555556,10.7585815460993,26.6167375886525
"FCR",50,2023-10-29,18.4109584722222,15.8325397222222,14.22553,13.8348342361111,13.6015925,13.3977011805556,13.064829375,13.0443404861111,13.0280684027778,13.0084034027778,6.95131354861111,7.20887778472222,10.7549645390071,26.8790070921986
"FCR",50,2023-10-30,18.0144445138889,17.0252467361111,15.2188408333333,14.1544004166667,13.6194940972222,13.3361347222222,13.0924901388889,13.0648677083333,13.0476306944444,13.0277848611111,6.93746454166667,7.23282406944444,11.4835211197183,31.1964028776978
"FCR",50,2023-10-31,15.657701875,15.5153851388889,14.8520170138889,13.9971754861111,13.6428386111111,13.3786075694444,13.1457176388889,13.0993651388889,13.0790934722222,13.0573995833333,6.43731323611111,7.28091588888889,10.2177304893617,27.9363120567376
"FCR",50,2023-11-01,13.6906731944444,13.6222717361111,13.6839522916667,13.6455415972222,13.4850955555556,13.4186386805556,13.2929565277778,13.1891944444444,13.1281310416667,13.0998821527778,8.61319377777778,7.5619951875,10.3511347446809,29.3155714285714
"FCR",50,2023-11-02,12.8435891666667,12.6172228472222,12.6508753472222,12.6101110416667,12.5025457638889,12.5087223611111,12.48220875,12.4357791666667,12.3892954861111,12.3435747916667,9.17138047916667,9.14967900694444,9.69418437588653,26.2293617021277
"FCR",50,2023-11-03,12.140861875,11.9439259027778,11.9900509027778,11.9819722222222,11.90998625,11.9339550694444,11.9538241666667,11.9508497222222,11.9238211111111,11.8902669444444,9.53424934027778,9.42431272916667,10.2255318794326,31.4251773049645
"FCR",50,2023-11-04,12.4711452777778,12.0214244444444,11.8459117361111,11.7470815972222,11.6652315972222,11.6926614583333,11.7170134027778,11.7210957638889,11.7013082638889,11.6712245138889,10.1047874305556,9.965339875,10.8783098591549,35.8723943661972
"FCR",50,2023-11-05,12.8223743055556,12.4588006944444,12.1470227777778,11.8691091666667,11.6778199305556,11.6326633333333,11.6400386111111,11.6423644444444,11.6253883333333,11.6057104166667,9.92159561111111,9.74440980555556,11.6495035460993,37.4890070921986
"FCR",50,2023-11-06,12.4064439583333,12.1249728472222,12.0629304861111,11.7723204861111,11.6091545138889,11.6224810416667,11.6343650694444,11.6273532638889,11.6033189583333,11.5804480555556,9.72819180555556,9.8146005625,11.2781249921875,29.0927857142857
"FCR",50,2023-11-07,12.5791655555556,12.3047099305556,12.0337775694444,11.7856897916667,11.5962684027778,11.5862827083333,11.5914184027778,11.5884270138889,11.568969375,11.5487551388889,9.68745866666667,9.85439546527778,11.6700709148936,38.6627659574468
"FCR",50,2023-11-08,13.0257824305556,12.7128978472222,12.3223697222222,11.8670891666667,11.6224865277778,11.61125375,11.6257931944444,11.6299103472222,11.6136978472222,11.5950513194444,9.65955015972222,9.61727309027778,12.1763829858156,44.7887769784173
"FCR",50,2023-11-09,13.6546011111111,13.4068750694444,12.7570122916667,12.0072954861111,11.6516927083333,11.6399644444444,11.6576894444444,11.663231875,11.6470699305556,11.6276120138889,9.40417603472222,9.35444532638889,12.2185815602837,55.1258695652174
"FCR",50,2023-11-10,13.8045917361111,13.6982654166667,13.2671797916667,12.0827109722222,11.6702443055556,11.6666307638889,11.6850136111111,11.6892256944444,11.6727733333333,11.6535518055556,9.05598691666667,8.98672941666667,11.9801408450704,51.7407042253521
"FCR",50,2023-11-11,12.9131504861111,12.6970822916667,12.5980944444444,12.2267466666667,11.7484267361111,11.6879651388889,11.7098761111111,11.7150877777778,11.6995227777778,11.6807267361111,8.87260295833333,8.79725827083333,12.3239007092199,63.1197872340426
"FCR",50,2023-11-12,12.2341896527778,12.0337839583333,12.0441866666667,11.9673104166667,11.7367496527778,11.7238899305556,11.7367720833333,11.7401360416667,11.7222822916667,11.7008820833333,8.93786736805555,8.61570909722222,11.4507092198582,45.3616312056738
"FCR",50,2023-11-13,11.8491740277778,11.6317708333333,11.6728974305556,11.6653451388889,11.5914253472222,11.6099372222222,11.6253052777778,11.6256522222222,11.6041775694444,11.5745779166667,10.6239692986111,10.2939683680556,11.504609929078,42.9293617021277
"FCR",50,2023-11-14,11.6866950694444,11.583454375,11.6289765277778,11.6024888194444,11.4493139583333,11.4235586111111,11.4366561111111,11.439563125,11.4183066666667,11.3872490277778,10.7898498611111,10.6300929166667,11.8511627906977,43.3309285714286
"FCR",50,2023-11-15,11.3005615277778,11.2067190277778,11.2604686805556,11.2534630555556,11.1698659722222,11.17642875,11.1772408333333,11.1575588194444,11.1208688194444,11.0833128472222,10.6762238194444,10.5770113194444,11.5410638297872,47.1459574468085
"FCR",50,2023-11-16,11.2477452777778,10.9457311111111,10.9340553472222,10.911728125,10.8323463888889,10.8408533333333,10.8650697916667,10.8703438888889,10.8514761805556,10.8255204861111,10.7254783333333,10.6393240277778,11.8088028169014,50.2342253521127
"FCR",50,2023-11-17,11.2250373611111,11.0241304861111,11.0331022916667,10.9887936111111,10.823973125,10.8130371527778,10.8385545833333,10.8455453472222,10.8292175694444,10.8098011805556,10.6064510416667,10.52875625,12.1555319148936,45.8005673758865
"FCR",50,2023-11-18,11.7486621527778,11.6113170138889,11.6333061805556,11.5183152777778,11.2821025694444,11.1643190277778,10.9725568055556,10.9019004166667,10.8747200694444,10.8546046527778,10.9488635416667,10.3831,12.6236879432624,43.1746808510638
"FCR",50,2023-11-19,11.4063325694444,11.2111563194444,11.1650878472222,11.0922240972222,10.9816672916667,10.970768125,10.9515251388889,10.9070027083333,10.8478807638889,10.8125938888889,10.8374747222222,10.6658963194444,12.1185815602837,47.5090070921986
"FCR",50,2023-11-20,10.7294394444444,10.6143344444444,10.65368875,10.6435872916667,10.5661492361111,10.5810332638889,10.5723942361111,10.5606555555556,10.5348265972222,10.5085929166667,10.5461038194444,10.7581542361111,11.678085106383,47.6606382978723
"FCR",50,2023-11-21,10.2794824305556,10.2290151388889,10.3023383333333,10.3065408333333,10.2428809722222,10.2755701388889,10.3051535416667,10.3106295833333,10.2897866666667,10.2616632638889,10.4558854166667,10.7741606944444,11.4461971830986,48.4969718309859
"FCR",50,2023-11-22,10.2399044236111,10.1418849305556,10.1872354861111,10.1431573611111,10.0415696388889,10.0582171527778,10.0729254375,10.0707293402778,10.0444576944444,10.0180103819444,10.1409662083333,10.4068260416667,11.3893617021277,43.0301418439716
"FCR",50,2023-11-23,10.18226575,9.87739666666667,9.79656220138889,9.75355632638889,9.62926231944444,9.62944386805555,9.65095302777778,9.65241733333333,9.62237611111111,9.58961085416667,10.1179694375,10.3441799305556,11.326524822695,37.8908510638298
"FCR",50,2023-11-24,9.61184936805556,9.45658129166667,9.48037932638889,9.44806715277778,9.36888355555556,9.37331004166667,9.38521088888889,9.38363123611111,9.36053297916667,9.33875594444445,10.0803077152778,10.1859792361111,11.2451773049645,32.0675177304965
"FCR",50,2023-11-25,9.22222027777778,9.16460945833333,9.2298715,9.23309284722222,9.16819296527778,9.20003613194444,9.23103309722222,9.23632329861111,9.21405965972222,9.18413649305556,10.1201793125,10.3530584027778,11.0568085106383,30.1810638297872
"FCR",50,2023-11-26,8.90845505555555,8.7829624375,8.81980916666667,8.80829510416667,8.72197350694444,8.73523548611111,8.75159749305556,8.74286504861111,8.71059317361111,8.67568860416667,10.0355291666667,10.2056368055556,10.9395744680851,28.8204964539007
"FCR",50,2023-11-27,8.50887574305556,8.42533322916667,8.48114581944444,8.48251956944445,8.41672217361111,8.44841130555556,8.47842850694444,8.48331938888889,8.45938195138889,8.43258755555556,10.2965826458333,10.3467140972222,11.0604929577465,28.011338028169
"FCR",50,2023-11-28,8.02008815277778,7.94466016666667,7.99711883333333,7.99917005555556,7.93272458333333,7.96477052083333,7.99554124305556,8.00391178472222,7.97866390277778,7.95036097222222,10.4236727083333,10.5093684722222,11.2383687943262,28.1348226950355
"FCR",50,2023-11-29,7.38406366666667,7.27571783333333,7.31553517361111,7.30632706944444,7.225051875,7.23088215277778,7.23253459027778,7.21795754166667,7.17483853472222,7.1357934375,10.3914445833333,10.5172791666667,11.216170212766,27.532695035461
"FCR",50,2023-11-30,7.04394673611111,6.8173594375,6.84413690972222,6.83928650694444,6.76558319444444,6.79246876388889,6.82387770138889,6.82668488194444,6.79792104166667,6.77106683333333,10.4559877083333,10.577181875,11.3483687943262,26.7906382978723
"FCR",50,2023-12-01,6.70244977083333,6.63879329166667,6.69723631944444,6.69121077777778,6.62043866666667,6.64788788888889,6.68334449305556,6.69047607638889,6.66686410416667,6.64203257638889,10.5741821527778,10.642799375,11.4780141843972,25.9845390070922
"FCR",50,2023-12-02,7.20186636111111,6.88947395138889,6.87438942361111,6.75918211805556,6.67086211111111,6.69510154861111,6.72932747222222,6.7361841875,6.71285475694444,6.69124684722222,10.1599743472222,10.3207993055556,11.39,28.7136170212766
"FCR",50,2023-12-03,7.81155872222222,7.33298429861111,7.07974176388889,6.85490413194444,6.73124500694444,6.73774261111111,6.7654158125,6.77048123611111,6.74748202083333,6.72696427777778,9.92895954166667,10.0549540347222,11.4254225352113,35.0224647887324
"FCR",50,2023-12-04,7.82709684027778,7.57543840277778,7.47546149305556,7.31025372222222,6.95403796527778,6.82777656944444,6.82939375,6.82462132638889,6.79568304166667,6.7733759375,9.77734909722222,9.73866706944444,11.5172340425532,32.0801418439716
"FCR",50,2023-12-05,7.69956254861111,7.47180022916667,7.44727109027778,7.39461683333333,7.20597578472222,6.98501366666667,6.92165388194444,6.90267259722222,6.86727455555556,6.8410976875,9.59256653472222,9.4068394375,11.7143262411348,28.8704255319149
"FCR",50,2023-12-06,7.41401585416667,7.29403534722222,7.33019020138889,7.31751418055556,7.22919286111111,7.21069057638889,7.16896095138889,7.0837088125,6.983895125,6.92015472222222,10.7654649930556,9.15165278472222,11.8304255319149,30.2607092198582
"FCR",50,2023-12-07,7.04134554861111,6.92958953472222,6.96005193055556,6.9569108125,6.88737695138889,6.91357227777778,6.93822682638889,6.93500025694444,6.89577377777778,6.85960108333333,10.63145875,10.5924138194444,11.4152482269504,32.0713475177305
"FCR",50,2023-12-08,6.97715354861111,6.74632403472222,6.74744115972222,6.73028113888889,6.65151824305556,6.67583796527778,6.70731750694444,6.71401059027778,6.69002652777778,6.66841397916667,10.6763861805556,10.5897457638889,11.6075352112676,32.6416197183099
"FCR",50,2023-12-09,6.91818997222222,6.76063042361111,6.78619036111111,6.77237908333333,6.68365538194444,6.69484618055556,6.71609165972222,6.71333391666667,6.68017063194444,6.64992984722222,10.8962659027778,10.7403077777778,11.8531914893617,32.1357446808511
"FCR",50,2023-12-10,7.29219500694444,7.05932504166667,7.07578992361111,7.03309772916667,6.92271461805556,6.90030219444444,6.88844100694444,6.85892966666667,6.80999070833333,6.75904590972222,10.6968202777778,10.4531138888889,11.7113475177305,35.6402127659574
"FCR",50,2023-12-11,7.11085718055556,7.02487540972222,7.07776064583333,7.07704434722222,7.00309599305556,7.02310897916667,7.04660985416667,7.04753739583333,7.01135209027778,6.97755978472222,10.8213772222222,10.803355625,11.5724113475177,35.3769503546099
"FCR",50,2023-12-12,6.65132976190476,6.49165283333333,6.54020142063492,6.53270115079365,6.45288166666667,6.46836284126984,6.48573915079365,6.4818046031746,6.44623856349206,6.4101253968254,10.8885805128205,10.9423446153846,11.448606557377,35.297969924812
"FCR",50,2023-12-13,6.37151399305556,6.27258102777778,6.3150686875,6.2970205625,6.19203309027778,6.18433245833333,6.17694447222222,6.16642034027778,6.12870293055556,6.08912840277778,11.12721125,11.0156601388889,11.5194366197183,34.9821126760563
"FCR",50,2023-12-14,6.19559197222222,6.03303289583333,6.07032308333333,6.05237302777778,5.98079776388889,6.0019049375,6.0289636875,6.02595919444444,5.99155127083333,5.94910000694444,11.1971038194444,11.2652929166667,11.5758865248227,34.8607092198582
"FCR",50,2023-12-15,5.9241629375,5.81142970833333,5.85449727083333,5.82733596527778,5.7353226875,5.73017754166667,5.74571010416667,5.74318075,5.71501386805556,5.68123067361111,11.248625625,11.20193375,11.7065957446809,35.8319858156028
"FCR",50,2023-12-16,5.72947281944444,5.61672244444444,5.66563072222222,5.65658647916667,5.588371625,5.61292369444444,5.64800832638889,5.65220973611111,5.62392501388889,5.58815823611111,11.3016238194444,11.3844782638889,11.6177304964539,36.3675886524823
"FCR",50,2023-12-17,5.67480804166667,5.60079846527778,5.65963570138889,5.65777225,5.59209604166667,5.61573256944444,5.65016358333333,5.65327743055556,5.6274655,5.60013909722222,11.3079397222222,11.3094815277778,11.5648226950355,36.2601418439716
"FCR",50,2023-12-18,5.79926532638889,5.73553272916667,5.79503924305556,5.79253003472222,5.72832697916667,5.75775540277778,5.79584818055556,5.80370517361111,5.78190203472222,5.75751297222222,11.1574967361111,11.2411396527778,11.5106349206349,36.3491304347826
"FCR",50,2023-12-19,5.51563704861111,5.47327824305556,5.5415149375,5.53727186111111,5.4688048125,5.49317585416667,5.52854957638889,5.53104039583333,5.50276048611111,5.47035295138889,11.23215875,11.3400727083333,11.5828169014085,33.4042957746479
"FCR",50,2023-12-20,5.21735653472222,5.14803309027778,5.18230732638889,5.16111811111111,5.07181079861111,5.0753375,5.10074294444444,5.092432,5.05436741666667,5.01024536805556,11.2681754861111,11.2692811805556,11.6722695035461,32.4744680851064
"FCR",50,2023-12-21,5.19884380555556,5.00948261805556,5.01027355555556,4.9601990625,4.86676445833333,4.8751846875,4.89928049305556,4.89761959722222,4.86904053472222,4.83782063888889,11.1241779861111,11.2075104166667,11.730780141844,34.4736879432624
"FCR",50,2023-12-22,4.96560470138889,4.85686551388889,4.90098102777778,4.89250052083333,4.82183435416667,4.842052375,4.873327625,4.86280140277778,4.81867953472222,4.77754352777778,11.0906061805556,10.9467920138889,11.5176595744681,34.4478014184397
"FCR",50,2023-12-23,4.94440600694444,4.81409364583333,4.85408332638889,4.83322091666667,4.75593305555556,4.77208789583333,4.80493327083333,4.80463530555556,4.775299,4.74010589583333,11.0324386111111,11.0755347222222,11.4759574468085,36.8481560283688
"FCR",50,2023-12-24,5.45949171527778,5.25654490972222,5.24391192361111,5.17235286111111,4.95926852083333,4.91688028472222,4.93340359027778,4.92987565972222,4.90124376388889,4.87353447916667,11.0744747916667,11.0413366666667,11.6931690140845,40.2471126760563
"FCR",50,2023-12-25,5.71029845833333,5.56711739583333,5.58143375694444,5.50290040277778,5.27920504861111,5.04403893055556,4.95616380555556,4.93790264583333,4.91512489583333,4.88756577777778,10.8723254861111,10.6475786111111,11.7954609929078,47.7985106382979
"FCR",50,2023-12-26,6.05980849305556,5.88153561111111,5.89449790972222,5.84049431944444,5.67688070138889,5.59710695138889,5.39729172916667,5.088438625,4.98944319444444,4.94424182638889,11.1554897222222,10.2874627777778,11.8169503546099,56.7790070921986
"FCR",50,2023-12-27,6.83189752083333,6.3484405625,6.22326653472222,6.05880795138889,5.87242541666667,5.82837082638889,5.75394052083333,5.40142582638889,5.12587920138889,5.01183460416667,10.9734274305556,9.80383225694444,11.6819858156028,53.903475177305
"FCR",50,2023-12-28,6.825865375,6.65131102083333,6.63862456944444,6.57169925,6.3872919375,6.16692390972222,5.8479386875,5.49795609027778,5.2341356875,5.1062723125,11.0167847222222,9.38599843055556,11.8903546099291,54.8459574468085
"FCR",50,2023-12-29,6.2662441875,6.21219435416667,6.28242995138889,6.28176175,6.21195911111111,6.23213805555556,6.22556593055556,6.05168439583333,5.53146313194444,5.20720095833333,11.3719676388889,8.87379157638889,11.738085106383,60.6209219858156
"FCR",50,2023-12-30,5.82495895833333,5.78501295833333,5.85259202777778,5.84778634722222,5.77869831944444,5.79195545833333,5.809865625,5.79277158333333,5.73665379861111,5.52061397222222,10.8606835416667,9.51341103472222,11.3200704225352,56.4101408450704
"FCR",50,2023-12-31,5.64978359722222,5.51760923611111,5.56034827777778,5.54862165972222,5.478586125,5.49651095833333,5.5309854375,5.53469000694444,5.51843108333333,5.46898011805556,10.8271183333333,10.8620728472222,11.2444680851064,51.1168085106383
